,MapNumber,Score,matchedTittle,movieTittle,,,,,
0,732,100,Star Wars: The Force Awakens,Star Wars: Episode VII - The Force AwakensåÊ            ,,,,,1
1,446,100,The Lovers and the Despot,The LoversåÊ,,,,,1
2,11789,100,Godzilla,Godzilla ResurgenceåÊ,,,,,1
3,6339,100,Miami Vice,Miami ViceåÊ            ,,,,,1
4,3400,98,Harry Potter and the Deathly Hallows Part 2,Harry Potter and the Deathly Hallows: Part IIåÊ,,,,,1
5,11789,100,Godzilla,Godzilla ResurgenceåÊ,,,,,1
6,3400,98,Harry Potter and the Deathly Hallows Part 2,Harry Potter and the Deathly Hallows: Part IåÊ,,,,,1
7,2734,72,The Hunger Games,Asterix at the Olympic GamesåÊ,,,,,0
8,4045,100,The A-Team,The A-TeamåÊ            ,,,,,1
9,5089,100,"10,000 B.C.","10,000 B.C.åÊ            ",,,,,1
10,95,100,Ben-Hur (2016),Ben-HuråÊ,,,,,1
11,5755,100,Hannibal Rising,HannibalåÊ            ,,,,,1
12,1872,76,Goodbye To All That,All That JazzåÊ,,,,,0
13,8117,100,Creepshow,CreepshowåÊ,,,,,1
14,13737,100,Daredevil,DaredevilåÊ            ,,,,,1
15,6944,100,Bewitched,BewitchedåÊ            ,,,,,1
16,551,100,Evolution,EvolutionåÊ,,,,,1
17,1139,67,Batkid Begins,Top Cat BeginsåÊ,,,,,0
18,5374,100,Constantine's Sword,ConstantineåÊ            ,,,,,1
19,3,100,The Secret Life of Pets,LifeåÊ            ,,,,,1
20,12137,100,Sleepy Hollow,Sleepy HollowåÊ            ,,,,,1
21,11256,100,Last Man Standing,Last Man StandingåÊ            ,,,,,1
22,2807,100,Red Dawn (2012),Red DawnåÊ,,,,,1
23,1170,100,The Advocate: A Missing Body,The MissingåÊ            ,,,,,1
24,11725,100,Waco: The Rules of Engagement,Rules of EngagementåÊ            ,,,,,1
25,9361,100,Da,Xi you ji zhi: Sun Wukong san da Baigu JingåÊ,,,,,1
26,97,100,The Witch,"Sabrina, the Teenage WitchåÊ            ",,,,,1
27,854,67,The 33,The Ridiculous 6åÊ,,,,,0
28,4034,100,Sex and the City 2,Sex and the CityåÊ            ,,,,,1
29,4739,100,Management,Anger ManagementåÊ            ,,,,,1
30,10645,100,Stargate,Stargate SG-1åÊ            ,,,,,1
31,11987,100,Lolita (1998),LolitaåÊ,,,,,1
32,13594,100,Eye See You (a.k.a. D-TOX),Eye See YouåÊ,,,,,1
33,10145,76,Unforgiven,UnforgottenåÊ            ,,,,,0
34,11697,100,Touch,A Touch of FroståÊ            ,,,,,1
35,651,100,We Are Twisted F***ing Sister!,TwistedåÊ            ,,,,,1
36,5158,100,Defiance,DefianceåÊ            ,,,,,1
37,4827,100,Outlander,OutlanderåÊ            ,,,,,1
38,3169,100,The Fairy,The Tooth FairyåÊ,,,,,1
39,8093,100,First Blood,First BloodåÊ,,,,,1
40,13355,100,Solaris,SolarisåÊ,,,,,1
41,8176,100,Inchon,InchonåÊ,,,,,1
42,6954,100,"Yours, Mine and Ours","Yours, Mine and OursåÊ",,,,,1
43,6461,91,The Return,The ReturnedåÊ            ,,,,,1
44,10092,71,Dogfight,Foodfight!åÊ,,,,,0
45,11624,100,McHale's Navy,McHale's NavyåÊ            ,,,,,1
46,4194,100,Animal Kingdom,Animal Kingdom: Let's go ApeåÊ,,,,,1
47,2330,100,Arthur Newman,ArthuråÊ            ,,,,,1
48,4735,100,Paris,A Monster in ParisåÊ,,,,,1
49,4874,100,The Sun,3rd Rock from the SunåÊ            ,,,,,1
50,13260,75,Red Dragon,Dragon Nest: Warriors' DawnåÊ,,,,,0
51,7844,100,Virgin,Virgin TerritoryåÊ,,,,,1
52,3305,59,Post Mortem,Obitaemyy ostrovåÊ,,,,,0
53,5681,100,Rush Hour 3,Rush HouråÊ            ,,,,,1
54,8696,100,The Hit,Hit the FlooråÊ            ,,,,,1
55,1546,100,Bears,The Bad News BearsåÊ,,,,,1
56,7874,100,Flash Gordon,Flash GordonåÊ,,,,,1
57,1171,100,Heist (2015),HeiståÊ,,,,,1
58,12616,100,Bait,BaitåÊ,,,,,1
59,8255,100,Krull,KrullåÊ,,,,,1
60,13863,100,Luther,LutheråÊ            ,,,,,1
61,69,100,Lion,Lion of the DesertåÊ,,,,,1
62,446,100,The Lovers and the Despot,The LoversåÊ,,,,,1
63,12933,80,Bandits,BandidasåÊ,,,,,0
64,6487,100,Water,Black Water TransitåÊ,,,,,1
65,7980,100,Reds,RedsåÊ,,,,,1
66,1110,75,1915,1941åÊ,,,,,0
67,8576,80,The Last Dragon,George and the DragonåÊ,,,,,0
68,7399,100,Friday Night Lights,Friday Night LightsåÊ            ,,,,,1
69,318,100,The Family Fang,The FamilyåÊ            ,,,,,1
70,811,100,Entourage,EntourageåÊ            ,,,,,1
71,430,100,Trapped (2016),TrappedåÊ            ,,,,,1
72,983,76,A Little Chaos,Little NicholasåÊ,,,,,0
73,11090,74,Wild Reeds,Wild CardåÊ,,,,,0
74,6392,80,United 93,Animals UnitedåÊ,,,,,0
75,4440,82,Neshoba: The Price of Freedom,The Color of FreedomåÊ,,,,,1
76,1432,100,United Passions,United PassionsåÊ,,,,,1
77,1385,76,Days of Grace,Grace of MonacoåÊ,,,,,0
78,3530,100,Warrior,A Warrior's TailåÊ,,,,,1
79,6655,80,Game 6,Ripley's GameåÊ,,,,,0
80,30,100,Sausage Party,Sausage PartyåÊ,,,,,1
81,4838,100,12,12 MonkeysåÊ            ,,,,,1
82,13351,100,Confessions of a Dangerous Mind,Confessions of a Dangerous MindåÊ,,,,,1
83,92,100,Florence Foster Jenkins,Florence Foster JenkinsåÊ,,,,,1
84,11184,71,Space Jam,Harlock: Space PirateåÊ,,,,,0
85,12961,100,The Musketeer,Captain Alatriste: The Spanish MusketeeråÊ,,,,,1
86,3441,100,Limitless,LimitlessåÊ            ,,,,,1
87,8429,100,The Neverending Story,The NeverEnding StoryåÊ,,,,,1
88,7039,100,The Honeymooners,The HoneymoonersåÊ            ,,,,,1
89,8617,100,Return to Oz,Return to OzåÊ,,,,,1
90,8276,100,The Smurfs and the Magic Flute,The Magic FluteåÊ,,,,,1
91,9453,100,Always,It's Always Sunny in PhiladelphiaåÊ            ,,,,,1
92,10816,100,White,Snow White: A Tale of TerroråÊ,,,,,1
93,6852,80,Unnatural and Accidental,Accidental LoveåÊ,,,,,0
94,14007,67,Levity,ViyåÊ,,,,,0
95,7701,100,Face,The Face of an AngelåÊ,,,,,1
96,6355,100,The Omen (2006),The OmenåÊ,,,,,1
97,833,100,Shaun the Sheep Movie,Shaun the SheepåÊ            ,,,,,1
98,8614,100,Lifeforce,LifeforceåÊ,,,,,1
99,13373,100,The Powerpuff Girls Movie,The Powerpuff GirlsåÊ            ,,,,,1
100,8610,100,Perfect,A Perfect PlanåÊ,,,,,1
101,8479,100,Sheena,SheenaåÊ,,,,,1
102,3576,100,Carnage (2011),CarnageåÊ,,,,,1
103,12920,70,A Knight's Tale,A Turtle's Tale: Sammy's AdventuresåÊ,,,,,0
104,881,100,True Story,The True Story of Puss'N BootsåÊ,,,,,1
105,3265,100,Space Dogs 3D,Space DogsåÊ,,,,,1
106,6761,74,Iron Island,IroncladåÊ,,,,,0
107,6487,77,Water,WaterlooåÊ,,,,,0
108,4039,100,Red,Red SkyåÊ,,,,,1
109,13010,100,The Forsaken,ForsakenåÊ,,,,,1
110,0,100,Rogue One: A Star Wars Story,RogueåÊ            ,,,,,1
111,10945,100,Assassins,Bodyguards and AssassinsåÊ,,,,,1
112,5971,100,Gandhi My Father,GandhiåÊ,,,,,1
113,2551,100,The Sorcerer and the White Snake,SorcereråÊ,,,,,1
114,2491,100,Underdogs,UnderdogsåÊ,,,,,1
115,12199,100,The Bachelor,The BacheloråÊ            ,,,,,1
116,1057,100,The Connection,The French ConnectionåÊ,,,,,1
117,5126,100,Tyler Perry's Meet the Browns,Meet the BrownsåÊ            ,,,,,1
118,7135,100,Black,The Black HoleåÊ,,,,,1
119,12495,69,I Want You,Paint Your WagonåÊ,,,,,0
120,4273,100,Monsters,Yu-Gi-Oh! Duel MonstersåÊ            ,,,,,1
121,8591,100,Ladyhawke,LadyhawkeåÊ,,,,,1
122,4542,100,Up,Fired UpåÊ            ,,,,,1
123,832,100,The Secret in their Eyes (2015),Secret in Their EyesåÊ,,,,,1
124,420,77,Sweet 20,Sweet CharityåÊ,,,,,0
125,4007,74,Inception,PerceptionåÊ            ,,,,,0
126,1541,62,Transcendence,PasschendaeleåÊ,,,,,0
127,10747,100,The Chase,The Doombolt ChaseåÊ            ,,,,,1
128,1898,100,Touch the Wall,The TouchåÊ,,,,,1
129,372,100,Three,Three Kingdoms: Resurrection of the DragonåÊ,,,,,1
130,9978,100,Shattered,ShatteredåÊ,,,,,1
131,4665,71,Amelia,ZambeziaåÊ,,,,,0
132,2260,78,Raanjhana,RamanujanåÊ,,,,,0
133,10797,63,Leprechaun 2,Dwegons and LeprechaunsåÊ,,,,,0
134,158,100,Hands of Stone,Hands of StoneåÊ,,,,,1
135,2066,100,Lone Survivor,SurvivoråÊ,,,,,1
136,2045,100,Frozen,The Frozen GroundåÊ,,,,,1
137,2304,100,The Shining (2013 re-release),The ShiningåÊ,,,,,1
138,8253,71,Valley Girl,Fight ValleyåÊ,,,,,0
139,2865,100,Gone,"Gone, Baby, GoneåÊ            ",,,,,1
140,11916,100,Firestorm,FirestormåÊ,,,,,1
141,5254,100,The Fall,The Fall of the Roman EmpireåÊ,,,,,1
142,83,100,Inferno,Out of InfernoåÊ,,,,,1
143,12986,100,O,The O.C.åÊ            ,,,,,1
144,3343,77,Sushi: The Global Catch,Catch-22åÊ,,,,,0
145,8027,100,Blow Out,Blow OutåÊ,,,,,1
146,11337,100,Unforgettable,UnforgettableåÊ            ,,,,,1
147,346,100,Howards End (2016 Restoration),RestorationåÊ,,,,,1
148,4796,100,The Informers,The InformersåÊ,,,,,1
149,13487,100,Rain,I Come with the RainåÊ,,,,,1
150,3224,100,The Day,Day of the DeadåÊ,,,,,1
151,3589,100,I Am,I Am WrathåÊ,,,,,1
152,13010,100,The Forsaken,ForsakenåÊ,,,,,1
153,4039,100,Red,Red SonjaåÊ,,,,,1
154,3143,100,Red Lights (2012),Red LightsåÊ,,,,,1
155,1809,100,Big Bad Wolves,WolvesåÊ,,,,,1
156,222,100,The Little Prince,The PrinceåÊ,,,,,1
157,12568,73,28 Days,55 Days at PekingåÊ,,,,,0
158,13260,75,Red Dragon,Dragon HuntersåÊ,,,,,0
159,9211,74,Alien Nation,Damnation AlleyåÊ,,,,,0
160,5741,100,The Messengers,The MessengersåÊ            ,,,,,1
161,5059,80,The Dark Knight,Arn: The Knight TemplaråÊ,,,,,0
162,10489,100,The Meteor Man,MeteoråÊ,,,,,1
163,978,87,Welcome to Me,Welcome to the SticksåÊ,,,,,1
164,12920,70,A Knight's Tale,Hachi: A Dog's TaleåÊ,,,,,0
165,1532,60,Oculus,ZuluåÊ,,,,,0
166,9371,64,Aloha Summer,LilyhammeråÊ            ,,,,,0
167,11179,100,Scream,Scream: The TV SeriesåÊ            ,,,,,1
168,339,67,The Wave,Tidal WaveåÊ,,,,,0
169,95,100,Ben-Hur (2016),Ben-HuråÊ,,,,,1
170,7894,100,The Hunter,The Deer HunteråÊ,,,,,1
171,8249,100,The Dead Zone,The Dead ZoneåÊ            ,,,,,1
172,12253,100,The Love Letter,The Love LetteråÊ,,,,,1
173,2195,100,The Company You Keep,The CompanyåÊ            ,,,,,1
174,1828,75,Lilting,ListeningåÊ,,,,,0
175,8146,80,Silent Rage,Silent TriggeråÊ,,,,,0
176,2412,100,Winnie Mandela,Winnie MandelaåÊ,,,,,1
177,9659,71,Blood Red,Bathory: Countess of BloodåÊ,,,,,0
178,2723,100,Khumba,KhumbaåÊ,,,,,1
179,687,73,Automatic Hate,AutomataåÊ,,,,,0
180,12617,100,Dungeons & Dragons,Dungeons & Dragons: Wrath of the Dragon GodåÊ,,,,,1
181,7390,49,Christmas with the Kranks,Chiamatemi Francesco - Il Papa della genteåÊ,,,,,0
182,7774,64,Incident at Loch Ness,Shinjuku IncidentåÊ,,,,,0
183,13223,100,Pandaemonium,PandaemoniumåÊ,,,,,1
184,2178,100,Mandela: Long Walk to Freedom,FreedomåÊ,,,,,1
185,83,100,Inferno,Towering InfernoåÊ            ,,,,,1
186,6753,75,Broken Sky,Broken HorsesåÊ,,,,,0
187,8093,100,First Blood,First BloodåÊ,,,,,1
188,9666,100,Ghost,Ghost HuntersåÊ            ,,,,,1
189,9712,86,The Exorcist III,Exorcist II: The HereticåÊ,,,,,1
190,395,100,"New York, New York (2016)","New York, New YorkåÊ",,,,,1
191,10945,100,Assassins,Reign of AssassinsåÊ,,,,,1
192,7367,87,Van Helsing,Stan HelsingåÊ,,,,,1
193,4283,100,South of the Border,The BorderåÊ            ,,,,,1
194,715,57,In Her Name (Au nom de ma fille),Del 1 - MÌ_n som hatar kvinnoråÊ            ,,,,,0
195,8118,100,Quest for Fire,Quest for FireåÊ,,,,,1
196,8604,60,Tomboy,WombåÊ,,,,,0
197,8159,100,Cat People,Cat PeopleåÊ,,,,,1
198,7357,83,Harry Potter and the Prisoner of Azkaban,The Prisoner of ZendaåÊ,,,,,1
199,8726,77,Platoon,PattonåÊ,,,,,0
200,6557,100,The Celestine Prophecy,ProphecyåÊ,,,,,1
201,5767,100,WAR,Spartacus: War of the DamnedåÊ            ,,,,,1
202,8628,100,Brazil,The Boys from BrazilåÊ,,,,,1
203,8025,100,The Postman Always Rings Twice,The Postman Always Rings TwiceåÊ,,,,,1
204,8051,100,The Pursuit of D.B. Cooper,The Pursuit of D.B. CooperåÊ,,,,,1
205,4706,73,Cheri,CypheråÊ,,,,,0
206,918,100,Legend,Legend of Kung Fu RabbitåÊ,,,,,1
207,2778,100,Battleship,Space Battleship YamatoåÊ,,,,,1
208,4011,80,Tangled,TriangleåÊ,,,,,0
209,8663,71,That's Dancing!,Dancin' It's OnåÊ,,,,,0
210,13948,83,Tibet: Cry of the Snow Lion,The Cry of the OwlåÊ,,,,,1
211,372,100,Three,A Tale of Three CitiesåÊ,,,,,1
212,10363,100,Drive,Drive HardåÊ,,,,,1
213,10461,69,Man's Best Friend,St. Trinian'såÊ,,,,,0
214,7986,100,"History of the World, Part I",History of the World: Part IåÊ,,,,,1
215,1095,83,Don't Think I've Forgotten: Cambodia's Lost Rock and Roll,F.I.S.T.åÊ,,,,,1
216,274,64,Harry & Snowman,Barry LyndonåÊ,,,,,0
217,12449,100,Molly,The Molly MaguiresåÊ,,,,,1
218,3690,100,Brighton Rock,Brighton RockåÊ,,,,,1
219,3646,76,Machine Gun Preacher,Machine Gun McCainåÊ,,,,,0
220,549,86,Lolo,LOLåÊ,,,,,1
221,7547,100,The Blue Butterfly,The Blue ButterflyåÊ,,,,,1
222,8285,100,Lovesick,LovesickåÊ            ,,,,,1
223,12056,67,Un air de famille,La Famille BÌ©lieråÊ,,,,,0
224,2239,70,Disconnect,MisconductåÊ,,,,,0
225,3224,100,The Day,The Longest DayåÊ,,,,,1
226,8568,100,Commando,CommandoåÊ,,,,,1
227,39,100,Pete's Dragon (2016),Pete's DragonåÊ,,,,,1
228,8249,100,The Dead Zone,The Dead ZoneåÊ,,,,,1
229,8593,100,Invasion U.S.A.,Invasion U.S.A.åÊ,,,,,1
230,7896,100,The Long Riders,The Long RidersåÊ,,,,,1
231,1406,100,Body,Body DoubleåÊ,,,,,1
232,2132,100,The Mortal Instruments: City of Bones,BonesåÊ            ,,,,,1
233,8058,100,Heartbeeps,HeartbeepsåÊ,,,,,1
234,2222,100,Krrish 3,KrrishåÊ,,,,,1
235,1728,100,Elsa & Fred (2014),Elsa & FredåÊ,,,,,1
236,1266,100,Strangerland,StrangerlandåÊ,,,,,1
237,5014,100,Janky Promoters,The Janky PromotersåÊ,,,,,1
238,8072,100,Beyond the Reef,The ReefåÊ,,,,,1
239,5553,100,Noise,White Noise 2: The LightåÊ,,,,,1
240,7424,100,You Got Served,You Got Served: Beat the WorldåÊ,,,,,1
241,10596,100,Fifty/Fifty,Fifty Dead Men WalkingåÊ,,,,,1
242,12830,100,Jungle,Jungle ShuffleåÊ,,,,,1
243,4712,100,Adam,Adam ResurrectedåÊ,,,,,1
244,10527,86,Mr. Wonderful,It's a Wonderful AfterlifeåÊ,,,,,1
245,4088,100,Devil,The Devil's TombåÊ,,,,,1
246,561,74,Reparation,PartitionåÊ,,,,,0
247,5523,100,Good,Good IntentionsåÊ,,,,,1
248,7828,77,"Yes Nurse, No Nurse",Nurse 3DåÊ,,,,,0
249,7263,71,Genesis,GunlessåÊ,,,,,0
250,12970,100,Heist,American HeiståÊ,,,,,1
251,3976,100,Plastic Planet,PlasticåÊ,,,,,1
252,4433,80,Red Hill,Re-KillåÊ,,,,,0
253,5630,100,Heavy Metal in Baghdad,Heavy MetalåÊ,,,,,1
254,13196,100,Maze,Into the Grizzly MazeåÊ,,,,,1
255,4039,100,Red,Red DogåÊ,,,,,1
256,2712,100,Detention of the Dead,DetentionåÊ,,,,,1
257,9785,100,Loose Cannons,Loose CannonsåÊ,,,,,1
258,12668,100,Beautiful,The Bold and the BeautifulåÊ            ,,,,,1
259,1700,100,The Pirates,The Ice PiratesåÊ,,,,,1
260,7673,100,Baptists at Our Barbecue,BarbecueåÊ,,,,,1
261,1171,100,Heist (2015),HeiståÊ,,,,,1
262,4039,100,Red,Red Riding: In the Year of Our Lord 1974åÊ,,,,,1
263,10964,75,To Die For,Veronika Decides to DieåÊ,,,,,0
264,2177,77,Movie 43,"Ultramarines: A Warhammer 40,000 MovieåÊ",,,,,0
265,1115,91,The Beauty Inside,The I InsideåÊ,,,,,1
266,3066,74,From Beneath,Beneath Hill 60åÊ,,,,,0
267,5139,100,Star Wars: The Clone Wars,Star Wars: The Clone WarsåÊ            ,,,,,1
268,2946,82,Barbara,BarbarellaåÊ,,,,,1
269,9965,100,Shipwrecked,ShipwreckedåÊ,,,,,1
270,4594,100,The Haunting in Connecticut,The Haunting in Connecticut 2: Ghosts of GeorgiaåÊ,,,,,1
271,7640,100,Silmido,SilmidoåÊ,,,,,1
272,315,59,Aquarius,Quo VadisåÊ,,,,,0
273,1899,100,Wolves,Valley of the Wolves: IraqåÊ,,,,,1
274,8117,100,Creepshow,CreepshowåÊ,,,,,1
275,7996,100,Modern Problems,Modern ProblemsåÊ,,,,,1
276,353,100,Kicks,KicksåÊ,,,,,1
277,5539,100,Shoot the Piano Player (re-issue),The PlayeråÊ            ,,,,,1
278,6440,100,"Bon Cop, Bad Cop",Bon Cop Bad CopåÊ,,,,,1
279,4236,100,The City of Your Final Destination,The City of Your Final DestinationåÊ,,,,,1
280,11312,100,The Pallbearer,The PallbeareråÊ,,,,,1
281,3646,100,Machine Gun Preacher,PreacheråÊ            ,,,,,1
282,2995,100,The Lady,The Wicked LadyåÊ,,,,,1
283,1293,100,Arabian Nights: Volume 1 - The Restless One,RestlessåÊ,,,,,1
284,3097,100,Wuthering Heights (2012),Wuthering HeightsåÊ            ,,,,,1
285,6450,100,Bobby,The Death and Life of Bobby ZåÊ,,,,,1
286,918,100,Legend,The Rocket: The Legend of Rocket RichardåÊ,,,,,1
287,5393,86,Shelter,SwelteråÊ,,,,,1
288,259,100,Mr. Church,Mr. ChurchåÊ,,,,,1
289,572,100,Never,Green Street 3: Never Back DownåÊ,,,,,1
290,5119,85,Made of Honor,Code of HonoråÊ,,,,,1
291,1365,100,Far from Men,Far from MenåÊ,,,,,1
292,4342,78,Outside the Law (Hors-la-loi),Outside BetåÊ,,,,,0
293,1358,100,Black November,Black NovemberåÊ,,,,,1
294,6650,100,What the Bleep?: Down the Rabbit Hole,The HoleåÊ,,,,,1
295,82,100,The 5th Wave,The WaveåÊ,,,,,1
296,9365,73,Pound Puppies and the Legend of Big Paw,Pound of FleshåÊ,,,,,0
297,11233,100,Fargo,FargoåÊ            ,,,,,1
298,10208,100,Buffy the Vampire Slayer,Buffy the Vampire SlayeråÊ            ,,,,,1
299,10162,83,Alien 3,Alien ZoneåÊ,,,,,1
300,9330,100,Little Nikita,NikitaåÊ            ,,,,,1
301,8434,100,Angel,Dark AngelåÊ            ,,,,,1
302,8352,100,Losin' It,Losin' ItåÊ,,,,,1
303,1220,100,Hard to Be a God,Hard to Be a GodåÊ,,,,,1
304,4678,100,The Boondock Saints II: All Saints Day,The Boondock SaintsåÊ,,,,,1
305,4980,100,Storm,Z StormåÊ,,,,,1
306,7762,80,Twist,TwixtåÊ,,,,,0
307,6648,75,Queens,Snow QueenåÊ,,,,,0
308,918,100,Legend,Alpha and Omega 4: The Legend of the Saw Toothed CaveåÊ,,,,,1
309,905,100,Truth,Stargate: The Ark of TruthåÊ,,,,,1
310,3069,100,High School,High School Musical 2åÊ,,,,,1
311,4705,100,Two Lovers,Two Lovers and a BearåÊ,,,,,1
312,7576,100,Criminal,Criminal ActivitiesåÊ,,,,,1
313,354,100,Seasons,The Four SeasonsåÊ,,,,,1
314,13892,72,Man on the Train,The Andromeda StrainåÊ,,,,,0
315,7751,100,The Tracker,TrackeråÊ,,,,,1
316,1364,100,The Living,The Return of the Living DeadåÊ,,,,,1
317,5265,100,Gomorrah,GomorrahåÊ            ,,,,,1
318,5767,100,WAR,War & PeaceåÊ            ,,,,,1
319,1597,100,Veronica Mars,Veronica MarsåÊ            ,,,,,1
320,9446,78,Sea of Love,Goddess of LoveåÊ,,,,,0
321,6380,100,The Wild,The Wild BunchåÊ,,,,,1
322,973,90,The D Train,The Great Train RobberyåÊ,,,,,1
323,1404,100,Julia (2015),JuliaåÊ,,,,,1
324,14041,89,1+1=11,11:14åÊ,,,,,1
325,5767,100,WAR,Men of WaråÊ,,,,,1
326,4453,100,Don McKay,Don McKayåÊ,,,,,1
327,11207,100,Shine,A Shine of RainbowsåÊ,,,,,1
328,8696,100,The Hit,The Hit ListåÊ,,,,,1
329,5288,100,Emma Smith: My Story,EmmaåÊ            ,,,,,1
330,8338,100,Videodrome,VideodromeåÊ,,,,,1
331,13731,80,Freaky Friday,Freaky DeakyåÊ,,,,,0
332,40,100,The Girl on the Train (2016),The TrainåÊ,,,,,1
333,3173,100,The Inbetweeners Movie,The InbetweenersåÊ            ,,,,,1
334,6943,67,Sky High,High Plains DrifteråÊ,,,,,0
335,4410,67,GasLand,GalaxinaåÊ,,,,,0
336,134,100,Nocturnal Animals,AnimalsåÊ,,,,,1
337,3747,71,Rubber,GrabbersåÊ,,,,,0
338,12430,100,Miss Julie,Miss JulieåÊ,,,,,1
339,3480,100,In Time,Somewhere in TimeåÊ,,,,,1
340,6461,100,The Return,The Return of the Pink PantheråÊ,,,,,1
341,14071,100,The Sea,"20,000 Leagues Under the SeaåÊ",,,,,1
342,7056,100,The Man,The Elephant ManåÊ,,,,,1
343,7056,100,The Man,The Man from Snowy RiveråÊ,,,,,1
344,8005,100,Mommie Dearest,Mommie DeareståÊ,,,,,1
345,10407,76,The Piano,The EgyptianåÊ,,,,,0
346,8016,100,Nighthawks,NighthawksåÊ,,,,,1
347,8135,100,The Beastmaster,The BeastmasteråÊ,,,,,1
348,10454,69,Heart and Souls,Solomon and ShebaåÊ,,,,,0
349,1323,76,Farewell to Hollywood,A Farewell to ArmsåÊ,,,,,0
350,11489,81,Batman and Robin,Robin and MarianåÊ,,,,,1
351,4563,83,G-Force,Force 10 from NavaroneåÊ,,,,,1
352,3480,100,In Time,Once Upon a Time in the WeståÊ,,,,,1
353,8181,100,Jekyll and Hyde Together Again,Jekyll and Hyde... Together AgainåÊ,,,,,1
354,6575,100,The OH in Ohio,The Oh in OhioåÊ,,,,,1
355,2568,100,Out of the Clear Blue Sky,Out of the BlueåÊ,,,,,1
356,14048,100,Tycoon (2003),TycoonåÊ,,,,,1
357,7719,100,Decoys,DecoysåÊ,,,,,1
358,12629,100,Saving Grace,Saving GraceåÊ            ,,,,,1
359,1335,100,Area 51,Area 51åÊ,,,,,1
360,793,70,Spotlight,Sleep TightåÊ,,,,,0
361,13533,75,The Cockettes,The CottageåÊ,,,,,0
362,3874,100,After,Dead Like Me: Life After DeathåÊ,,,,,1
363,6931,90,March of the Penguins,Farce of the PenguinsåÊ,,,,,1
364,3049,80,Flying Swords of Dragon Gate,Flying ByåÊ,,,,,0
365,8232,71,Psycho II,PsychåÊ            ,,,,,0
366,9509,83,Henry V,Henry & MeåÊ,,,,,1
367,1128,100,Christmas Eve,Christmas EveåÊ,,,,,1
368,5041,76,Give Me Your Hand,We Have Your HusbandåÊ,,,,,0
369,670,100,The Dying of the Light,Dying of the LightåÊ,,,,,1
370,5767,100,WAR,Born of WaråÊ,,,,,1
371,261,67,American Honey,Capricorn OneåÊ,,,,,0
372,3191,72,You've Been Trumped,Should've Been RomeoåÊ,,,,,0
373,6137,100,Forever,Running ForeveråÊ,,,,,1
374,9464,67,Road House,Yoga HosersåÊ,,,,,0
375,9714,100,Navy Seals,Navy Seals vs. ZombiesåÊ,,,,,1
376,3032,100,The Awakening (2012),The AwakeningåÊ,,,,,1
377,7224,69,Gille's Wife,Let's Kill Ward's WifeåÊ,,,,,0
378,6081,100,Billy the Kid,Pat Garrett & Billy the KidåÊ,,,,,1
379,7520,100,Camping Sauvage,Camping sauvageåÊ,,,,,1
380,13512,80,Me Without You,Without MenåÊ,,,,,0
381,2902,100,Barfi!,BarfiåÊ,,,,,1
382,5560,100,All Hat,All HatåÊ,,,,,1
383,6487,100,Water,Treading WateråÊ,,,,,1
384,7860,100,The Blue Lagoon,The Blue LagoonåÊ,,,,,1
385,8109,100,Fast Times at Ridgemont High,Fast Times at Ridgemont HighåÊ,,,,,1
386,12261,100,Dick,Moby DickåÊ,,,,,1
387,11274,100,Secrets & Lies,Secrets and LiesåÊ            ,,,,,1
388,9424,80,State Park,State FairåÊ,,,,,0
389,6221,100,Salvador Allende,SalvadoråÊ,,,,,1
390,4929,67,Fuel,FuglyåÊ,,,,,0
391,9575,71,Best of the Best,R.L. Stine's Monsterville: The Cabinet of SoulsåÊ,,,,,0
392,7826,80,A Silent Love,Silent MovieåÊ,,,,,0
393,1166,67,Aloft,AirliftåÊ,,,,,0
394,181,67,Green Room,Anne of Green GablesåÊ            ,,,,,0
395,2753,89,Argo,CargoåÊ,,,,,1
396,3069,100,High School,High School MusicalåÊ,,,,,1
397,4194,100,Animal Kingdom,Animal KingdomåÊ            ,,,,,1
398,1364,100,The Living,Night of the Living DeadåÊ,,,,,1
399,13549,87,Hansel and Gretel,Hansel & Gretel Get BakedåÊ,,,,,1
400,1364,100,The Living,The Return of the Living DeadåÊ,,,,,1
401,3292,79,The Front Line,The Front PageåÊ,,,,,0
402,1951,73,Raze,TrapezeåÊ,,,,,0
403,12629,100,Saving Grace,Saving GraceåÊ            ,,,,,1
404,1333,82,The Great Man,The Great EscapeåÊ,,,,,1
405,2828,100,The Pirates! Band of Misfits,The MisfitsåÊ,,,,,1
406,4896,75,OPA!,TopazåÊ,,,,,0
407,3605,100,Red State,Red StateåÊ,,,,,1
408,11251,77,Flipper,ZipperåÊ,,,,,0
409,2968,100,Holy Motors,Holy MotorsåÊ,,,,,1
410,12494,100,The Velocity of Gary,The Velocity of GaryåÊ,,,,,1
411,13632,100,Sonny,Sonny with a ChanceåÊ            ,,,,,1
412,3814,100,"Happy, Happy",Another Happy DayåÊ,,,,,1
413,10964,75,To Die For,A Lonely Place to DieåÊ,,,,,0
414,1981,100,Nothing Bad Can Happen,NothingåÊ,,,,,1
415,854,67,The 33,The Geographer Drank His Globe AwayåÊ,,,,,0
416,11619,57,187,1776åÊ,,,,,0
417,12515,76,Charlie's Angels,Hell's AngelsåÊ,,,,,0
418,8515,74,Purple Hearts,Purple VioletsåÊ,,,,,0
419,6458,100,The Painted Veil,The VeilåÊ,,,,,1
420,1689,86,The One I Love,The Loved OnesåÊ,,,,,1
421,5775,100,Vacancy,No VacancyåÊ,,,,,1
422,11746,100,Fall,How to Fall in LoveåÊ,,,,,1
423,339,100,The Wave,The Perfect WaveåÊ,,,,,1
424,95,100,Ben-Hur (2016),Ben-HuråÊ,,,,,1
425,354,100,Seasons,A Man for All SeasonsåÊ,,,,,1
426,4033,100,The Social Network,NetworkåÊ,,,,,1
427,3823,100,Down for Life,Down for LifeåÊ,,,,,1
428,6561,100,The House of Sand,House of SandåÊ,,,,,1
429,10548,83,Josh and S.A.M.,M*A*S*HåÊ            ,,,,,1
430,9199,80,Midnight Run,Midnight CowboyåÊ,,,,,0
431,3713,73,Chasing Madoff,Chain of CommandåÊ,,,,,0
432,1307,100,Empire of Lust,EmpireåÊ            ,,,,,1
433,11189,82,The Cable Guy,The Ballad of Cable HogueåÊ,,,,,1
434,2509,76,Fire in the Blood,In Cold BloodåÊ,,,,,0
435,209,85,M.S. Dhoni: The Untold Story,The Nun's StoryåÊ,,,,,1
436,3849,100,"Hey, Boo: Harper Lee & To Kill A Mockingbird",HarperåÊ,,,,,1
437,2045,67,Frozen,FrenzyåÊ,,,,,0
438,3224,100,The Day,Day of the DeadåÊ,,,,,1
439,40,100,The Girl on the Train (2016),TrainåÊ,,,,,1
440,6939,67,Sahara,SharknadoåÊ,,,,,0
441,9209,100,Betrayed,The BetrayedåÊ,,,,,1
442,12465,100,The Taxman,TaxmanåÊ,,,,,1
443,3,100,The Secret Life of Pets,The SecretåÊ            ,,,,,1
444,64,67,13 Hours: The Secret Soldiers of Benghazi,2:13åÊ,,,,,0
445,5059,100,The Dark Knight,"Batman: The Dark Knight Returns, Part 2åÊ",,,,,1
446,649,100,The Last King,In the Name of the King: The Last JobåÊ,,,,,1
447,9659,76,Blood Red,Wicked BloodåÊ,,,,,0
448,9768,75,Ski Patrol,Dawn PatrolåÊ,,,,,0
449,6785,100,London,Lords of LondonåÊ,,,,,1
450,9652,74,"Fear, Anxiety and Depression",High AnxietyåÊ,,,,,0
451,2121,100,August: Osage County,AuguståÊ,,,,,1
452,1867,100,One Day Pina Asked...,Day OneåÊ,,,,,1
453,8251,100,A Christmas Story,A Christmas StoryåÊ,,,,,1
454,8244,100,Class,Class of 1984åÊ,,,,,1
455,10577,100,The Opposite Sex and How to Live With Them,The Opposite SexåÊ,,,,,1
456,9769,67,Cry-Baby,Rosemary's BabyåÊ,,,,,0
457,7056,100,The Man,The Man Who Shot Liberty ValanceåÊ,,,,,1
458,5863,100,Feast of Love,FeaståÊ,,,,,1
459,28,62,Arrival,AntiviralåÊ,,,,,0
460,12153,100,Life,It's a Wonderful LifeåÊ,,,,,1
461,13816,64,Love Don't Cost a Thing,Cat on a Hot Tin RoofåÊ,,,,,0
462,1447,88,Dawn of the Planet of the Apes,Beneath the Planet of the ApesåÊ,,,,,1
463,12982,97,Pokemon 3: The Movie,PokÌ©mon 3: The MovieåÊ,,,,,1
464,10998,80,My Family,Family PlotåÊ,,,,,0
465,3398,82,Apartment 143,The ApartmentåÊ,,,,,1
466,2557,100,Torn,Torn CurtainåÊ,,,,,1
467,8618,100,Krush Groove,Krush GrooveåÊ,,,,,1
468,5684,62,American Gangster,Elmer GantryåÊ,,,,,0
469,10464,73,Judgment Night,Judgment at NurembergåÊ,,,,,0
470,7363,83,"I, Robot",Robot ChickenåÊ            ,,,,,1
471,4039,100,Red,Red RiveråÊ,,,,,1
472,8044,100,Gallipoli,Deadline GallipoliåÊ            ,,,,,1
473,280,100,Willy Wonka and the Chocolate Factory (2016 re-release),Willy Wonka & the Chocolate FactoryåÊ,,,,,1
474,9152,100,Heaven,Days of HeavenåÊ,,,,,1
475,8061,100,Honky Tonk Freeway,FreewayåÊ,,,,,1
476,3649,100,Creature (2011),CreatureåÊ            ,,,,,1
477,9827,95,Brain Dead,BrainDeadåÊ            ,,,,,1
478,2739,100,Brave,Brave New GirlåÊ,,,,,1
479,1490,100,The Grand Budapest Hotel,The GrandåÊ            ,,,,,1
480,384,83,Demon,DemonicåÊ,,,,,1
481,7318,100,My Big Fat Independent Movie,My Big Fat Independent MovieåÊ,,,,,1
482,6311,92,The Departed,The DeportedåÊ,,,,,1
483,4965,100,The Open Road,Open RoadåÊ,,,,,1
484,13070,100,Together,They Came TogetheråÊ,,,,,1
485,2794,100,The Devil Inside,30 Nights of Paranormal Activity with the Devil Inside the Girl with the Dragon TattooåÊ,,,,,1
486,572,100,Never,Never Back Down 2: The BeatdownåÊ,,,,,1
487,3628,100,Point Blank,Point BlankåÊ,,,,,1
488,13343,78,The Four Feathers,Four Single FathersåÊ,,,,,0
489,7840,80,Mind the Gap,Enter the Dangerous MindåÊ,,,,,0
490,8291,100,Something Wicked This Way Comes,Something WickedåÊ,,,,,1
491,10398,55,Wayne's World 2,AWOL-72åÊ,,,,,0
492,9399,100,The Blue Iguana,IguanaåÊ,,,,,1
493,13241,100,Chicago,Chicago OvercoatåÊ,,,,,1
494,1137,64,Nasty Baby,Barry MundayåÊ,,,,,0
495,2815,61,Rock of Ages,Pocketful of MiraclesåÊ,,,,,0
496,8864,100,At Close Range,Close RangeåÊ,,,,,1
497,4665,71,Amelia,AmnesiacåÊ,,,,,0
498,6355,100,The Omen (2006),The OmenåÊ,,,,,1
499,5771,100,The Invisible,Griff the InvisibleåÊ,,,,,1
500,6852,100,Unnatural and Accidental,UnnaturalåÊ,,,,,1
501,6504,100,Lage Raho Munna Bhai,Lage Raho Munna BhaiåÊ,,,,,1
502,7135,100,Black,The Black StallionåÊ,,,,,1
503,2959,82,Son of Sardaar,Sardaar JiåÊ,,,,,1
504,7916,86,Saturn 3,Journey to SaturnåÊ,,,,,1
505,3350,60,Downtown Express,Donovan's ReefåÊ,,,,,0
506,8312,90,The Dresser,The DressåÊ,,,,,1
507,11777,100,Guy,A Guy Named JoeåÊ,,,,,1
508,7574,71,Silver City,Silver MedalliståÊ,,,,,0
509,5254,70,The Fall,Timber FallsåÊ,,,,,0
510,2398,100,Singin' in the Rain (2013 re-release),Singin' in the RainåÊ,,,,,1
511,9048,67,The Dead,"Fat, Sick & Nearly DeadåÊ",,,,,0
512,1447,88,Dawn of the Planet of the Apes,Escape from the Planet of the ApesåÊ,,,,,1
513,2147,67,Mud,HudåÊ,,,,,0
514,13900,100,Sur le Seuil,Sur le seuilåÊ,,,,,1
515,1128,82,Christmas Eve,Christmas MailåÊ,,,,,1
516,11605,73,Sprung,StungåÊ,,,,,0
517,7514,71,Birth,AntibirthåÊ,,,,,0
518,9818,100,The Krays,The Rise of the KraysåÊ,,,,,1
519,10162,83,Alien 3,Alien UprisingåÊ,,,,,1
520,11317,76,Stealing Beauty,Bathing BeautyåÊ,,,,,0
521,11059,71,The Show,Show BoatåÊ,,,,,0
522,14185,100,The Calling,The CallingåÊ,,,,,1
523,2739,100,Brave,The Brave Little ToasteråÊ,,,,,1
524,1057,100,The Connection,The French ConnectionåÊ,,,,,1
525,12568,92,28 Days,8 DaysåÊ,,,,,1
526,7010,78,Match Point,Impact PointåÊ,,,,,0
527,5833,79,In the Valley of Elah,The Valley of DecisionåÊ,,,,,0
528,1148,100,Eden,EdenåÊ,,,,,1
529,517,78,Men & Chicken,Chicken Tikka MasalaåÊ,,,,,0
530,9453,100,Always,Always WoodstockåÊ,,,,,1
531,11191,100,Jack,Jack Brooks: Monster SlayeråÊ,,,,,1
532,1429,100,REC 4: Apocalypse,[Rec]åÊ,,,,,1
533,7943,89,Hide in Plain Sight,Lies in Plain SightåÊ,,,,,1
534,4821,67,Shrink,SharkskinåÊ,,,,,0
535,1162,75,Entertainment,ContainmentåÊ,,,,,0
536,1084,84,The Tribe,The TimberåÊ,,,,,1
537,2057,100,The Heat,In the Heat of the NightåÊ            ,,,,,1
538,10309,100,Light Sleeper,SleeperåÊ,,,,,1
539,5076,100,Wanted,Everything You Always Wanted to Know About Sex * But Were Afraid to AskåÊ,,,,,1
540,3849,100,"Hey, Boo: Harper Lee & To Kill A Mockingbird",To Kill a MockingbirdåÊ,,,,,1
541,11987,100,Lolita (1998),LolitaåÊ,,,,,1
542,7894,86,The Hunter,The HustleråÊ,,,,,1
543,1757,71,In Bloom,Boom TownåÊ,,,,,0
544,243,100,Gentleman,Gentleman's AgreementåÊ,,,,,1
545,7432,100,Alexander,Alexander's Ragtime BandåÊ,,,,,1
546,6508,100,Strangers with Candy,Strangers with CandyåÊ            ,,,,,1
547,12317,100,Get Real,Get RealåÊ            ,,,,,1
548,8706,100,Subway,SubwayåÊ,,,,,1
549,12817,98,Hum to Mohabbt Karega,Hum To Mohabbat KaregaåÊ,,,,,1
550,10895,100,Seven,24 7: Twenty Four SevenåÊ,,,,,1
551,8542,100,Eureka,EurekaåÊ            ,,,,,1
552,14114,100,This Thing of Ours,This Thing of OursåÊ,,,,,1
553,1364,100,The Living,Return of the Living Dead IIIåÊ,,,,,1
554,2340,100,Broken Circle Breakdown,CircleåÊ,,,,,1
555,4070,100,Killers,Vampire KillersåÊ,,,,,1
556,12593,62,Reindeer Games,Freeze FrameåÊ,,,,,0
557,3130,77,Gregory Crewdson: Brief Encounters,Grave EncountersåÊ,,,,,0
558,9762,74,The Witches,StitchesåÊ,,,,,0
559,4647,100,Nine,Nine DeadåÊ,,,,,1
560,1676,100,Frank,"To Be Frank, Sinatra at 100åÊ",,,,,1
561,7891,100,Herbie Goes Bananas,BananasåÊ,,,,,1
562,8473,67,Runaway,RockawayåÊ,,,,,0
563,1770,100,NOW: In the Wings on a World Stage,WingsåÊ            ,,,,,1
564,478,100,The Land,No Man's Land: The Rise of ReekeråÊ,,,,,1
565,1686,100,Highway (2014),HighwayåÊ,,,,,1
566,11319,71,Joe's Apartment,Small ApartmentsåÊ,,,,,0
567,1012,74,Freetown,Coffee TownåÊ,,,,,0
568,11269,100,The Chamber,The Torture Chamber of Dr. SadismåÊ,,,,,1
569,750,80,Straight Outta Compton,Straight A'såÊ,,,,,0
570,3560,100,The Way,A Funny Thing Happened on the Way to the ForumåÊ,,,,,1
571,10055,100,Slacker,Slacker UprisingåÊ,,,,,1
572,918,100,Legend,The Legend of Hell's Gate: An American ConspiracyåÊ,,,,,1
573,11028,89,The Walking Dead,The Walking DeceasedåÊ,,,,,1
574,9084,100,The Curse,The Curse of Downers GroveåÊ,,,,,1
575,7362,80,Shark Tale,Shark LakeåÊ,,,,,0
576,6416,100,The Marine,The Marine 4: Moving TargetåÊ,,,,,1
577,2370,100,The Square (2013),The SquareåÊ,,,,,1
578,5889,100,The Abandoned,AbandonedåÊ,,,,,1
579,407,65,A Street Cat Named Bob,A Streetcar Named DesireåÊ,,,,,0
580,2468,86,The We and the I,Dr. Strangelove or: How I Learned to Stop Worrying and Love the BombåÊ,,,,,1
581,1447,88,Dawn of the Planet of the Apes,Battle for the Planet of the ApesåÊ,,,,,1
582,13113,73,Tuvalu,VaaluåÊ,,,,,0
583,11322,100,Ed,Ed and His Dead MotheråÊ,,,,,1
584,1979,74,Return to Nuke 'Em High Volume 1,Hang 'Em HighåÊ,,,,,0
585,9149,100,Deadline,Deadline - U.S.A.åÊ,,,,,1
586,2030,67,Souldier,SublimeåÊ,,,,,0
587,1773,67,A Birder's Guide to Everything,A Beginner's Guide to SnuffåÊ,,,,,0
588,11167,86,Independence Day,Independence DaysasteråÊ,,,,,1
589,3278,100,Dysfunctional Friends,Dysfunctional FriendsåÊ,,,,,1
590,6380,100,The Wild,Against the WildåÊ,,,,,1
591,1364,100,The Living,Living Dark: The Story of Ted the CaveråÊ,,,,,1
592,3768,100,The Conquest,Conquest of the Planet of the ApesåÊ,,,,,1
593,5606,100,Take,You Can't Take It with YouåÊ,,,,,1
594,14116,100,From Here to Eternity (50th Anniversary),From Here to EternityåÊ,,,,,1
595,1822,75,Yellow Day,She Wore a Yellow RibbonåÊ,,,,,0
596,2514,89,Out in the Dark,Out of the DarkåÊ,,,,,1
597,1057,80,The Connection,The ConversationåÊ,,,,,0
598,13818,100,Cabin Fever,Cabin FeveråÊ,,,,,1
599,6739,90,Can Mr. Smith Get to Washington Anymore?,Mr. Smith Goes to WashingtonåÊ,,,,,1
600,9493,100,Kickboxer,Kickboxer: VengeanceåÊ,,,,,1
601,13865,100,Spellbound (2003),SpellboundåÊ,,,,,1
602,8541,100,Repo Man,Repo ManåÊ,,,,,1
603,281,100,Unsullied,UnsulliedåÊ,,,,,1
604,3665,100,Mooz-lum,Mooz-LumåÊ,,,,,1
605,4377,100,Hatchet 2,HatchetåÊ,,,,,1
606,10556,100,Blue,Forty Shades of BlueåÊ,,,,,1
607,1411,100,Me You and Five Bucks,Me You and Five BucksåÊ,,,,,1
608,3210,74,Hellbound?,HouseboundåÊ,,,,,0
609,6263,80,The Price of Sugar,Wal-Mart: The High Cost of Low PriceåÊ,,,,,0
610,4320,62,Touching Home,Fetching CodyåÊ,,,,,0
611,3480,100,In Time,Once Upon a Time in QueensåÊ,,,,,1
612,4698,100,Moon,Closer to the MoonåÊ,,,,,1
613,1228,76,Tap World,Mutant WorldåÊ,,,,,0
614,4542,100,Up,Growing Up SmithåÊ,,,,,1
615,4984,67,Chocolate,CheckmateåÊ,,,,,0
616,6127,100,Snoop Dogg's Hood of Horror,#HorroråÊ,,,,,1
617,10246,100,Wind,Wind WalkersåÊ,,,,,1
618,5955,67,Chalk,ShalakoåÊ,,,,,0
619,1785,100,The Dog,The Dog LoveråÊ,,,,,1
620,8770,100,House,Girl HouseåÊ,,,,,1
621,8770,100,House,House at the End of the DriveåÊ,,,,,1
622,9425,100,Batman,Batman: The MovieåÊ,,,,,1
623,8361,100,The Ballad of Gregorio Cortez,The Ballad of Gregorio CortezåÊ,,,,,1
624,9832,100,Streets,The Streets of San FranciscoåÊ            ,,,,,1
625,1033,100,Above and Beyond,Space: Above and BeyondåÊ            ,,,,,1
626,6353,100,The Queen,Queen of the MountainsåÊ,,,,,1
627,6784,100,4,Def-Con 4åÊ,,,,,1
628,4542,100,Up,The 41-Year-Old Virgin Who Knocked Up Sarah Marshall and Felt Superbad About ItåÊ,,,,,1
629,4893,77,Not Forgotten,Forget Me NotåÊ,,,,,0
630,8318,59,Trenchcoat,RebeccaåÊ,,,,,0
631,12845,100,The Weekend,The Lost WeekendåÊ,,,,,1
632,8490,100,C.H.U.D.,C.H.U.D.åÊ,,,,,1
633,69,100,Lion,The Lion of JudahåÊ,,,,,1
634,12037,100,"Niagara, Niagara",NiagaraåÊ,,,,,1
635,8253,71,Valley Girl,How Green Was My ValleyåÊ,,,,,0
636,4755,100,The Girlfriend Experience,The Girlfriend ExperienceåÊ            ,,,,,1
637,9361,100,Da,Da Sweet Blood of JesusåÊ,,,,,1
638,4085,83,The American,The AlgerianåÊ,,,,,1
639,2820,84,Trouble with the Curve,The Trouble with HarryåÊ,,,,,1
640,9322,100,Bird,The Blue BirdåÊ,,,,,1
641,4425,100,Behind the Burly Q,QåÊ,,,,,1
642,5404,71,The Grand,Grand Theft ParsonsåÊ,,,,,0
643,13405,78,Extreme Ops,Extreme MovieåÊ,,,,,0
644,670,80,The Dying of the Light,The Charge of the Light BrigadeåÊ,,,,,0
645,13479,100,Below,Below ZeroåÊ,,,,,1
646,602,67,Star Crossed,CrowsneståÊ,,,,,0
647,12759,71,Cotton Mary,Cotton Comes to HarlemåÊ,,,,,0
648,8365,80,The Wicked Lady,The Wicked WithinåÊ,,,,,0
649,1072,86,3 Hearts,Bleeding HeartsåÊ,,,,,1
650,7033,100,Wolf Creek,Wolf CreekåÊ            ,,,,,1
651,3878,71,Raw Faith,Faith Like PotatoesåÊ,,,,,0
652,7210,100,Undead,The Dead UndeadåÊ,,,,,1
653,922,79,The Vatican Tapes,The Vatican ExorcismsåÊ,,,,,0
654,2329,100,Casablanca (2013 re-release),CasablancaåÊ,,,,,1
655,10116,67,Naked Tango,Lake MungoåÊ,,,,,0
656,5883,85,Year of the Dog,Rocket Singh: Salesman of the YearåÊ,,,,,1
657,3264,77,Silent Night,Silent RunningåÊ,,,,,0
658,1980,100,Sleepwalker,The SleepwalkeråÊ,,,,,1
659,10487,82,Mr. Jones,Tom JonesåÊ,,,,,1
660,7430,100,Taxi,Taxi DriveråÊ,,,,,1
661,574,77,Love Me True,Love Me TenderåÊ,,,,,0
662,4038,64,Prince of Persia: The Sands of Time,Sands of Iwo JimaåÊ,,,,,0
663,4723,95,Departures,DepartureåÊ,,,,,1
664,13914,100,Bubba Ho-Tep,Bubba Ho-TepåÊ,,,,,1
665,7986,100,"History of the World, Part I",History of the World: Part IåÊ,,,,,1
666,13205,100,Speedway Junky,Speedway JunkyåÊ,,,,,1
667,12153,100,Life,16 to LifeåÊ,,,,,1
668,7324,100,The Helix... Loaded,The Helix... LoadedåÊ,,,,,1
669,1289,86,Eli,HeliåÊ,,,,,1
670,1968,61,Love and Air Sex,Karachi se LahoreåÊ,,,,,0
671,145,100,Loving,Loving AnnabelleåÊ,,,,,1
672,2982,100,Shut Up and Play the Hits,HitsåÊ,,,,,1
673,1818,83,Jimmy P,Jimmy and JudyåÊ,,,,,1
674,9610,74,War Party,Frat PartyåÊ,,,,,0
675,10626,100,When the Party's Over,The Party's OveråÊ,,,,,1
676,5397,100,Proud American,ProudåÊ,,,,,1
677,8770,100,House,The Poker HouseåÊ,,,,,1
678,1425,100,Childless,ChildlessåÊ,,,,,1
679,10010,88,Eve of Destruction,ZMD: Zombies of Mass DestructionåÊ,,,,,1
680,10816,100,White,Snow White: A Deadly SummeråÊ,,,,,1
681,9022,75,The Hidden,Hidden AwayåÊ,,,,,0
682,13512,88,Me Without You,My Last Day Without YouåÊ,,,,,1
683,1372,82,SBK The-Movie,Steppin: The MovieåÊ,,,,,1
684,9742,100,Revenge,Doc Holliday's RevengeåÊ,,,,,1
685,7135,100,Black,Black RockåÊ,,,,,1
686,905,100,Truth,Truth or DieåÊ,,,,,1
687,731,100,Pet,The PetåÊ,,,,,1
688,1612,100,Bang Bang,Bang Bang BabyåÊ,,,,,1
689,11246,100,Fear,Fear ClinicåÊ,,,,,1
690,7894,75,The Hunter,Zombie HunteråÊ,,,,,0
691,376,73,Fire at Sea,A Fine StepåÊ,,,,,0
692,13468,100,Charly,CharlyåÊ,,,,,1
693,5477,82,Chapter 27,Banshee ChapteråÊ,,,,,1
694,2898,100,Celeste and Jesse Forever,JesseåÊ            ,,,,,1
695,9476,80,Say Anything,Ask Me AnythingåÊ,,,,,0
696,6183,100,And Then Came Love,And Then Came LoveåÊ,,,,,1
697,4701,74,"Food, Inc.",Food ChainsåÊ,,,,,0
698,9574,80,The Horror Show,The Horror Network Vol. 1åÊ,,,,,0
699,4934,75,Teza,ElzaåÊ,,,,,0
700,8112,100,Bambi (Re-issue) (1982),1982åÊ,,,,,1
701,5605,100,London to Brighton,London to BrightonåÊ,,,,,1
702,7409,100,Hero,American HeroåÊ,,,,,1
703,1399,100,Windsor Drive,Windsor DriveåÊ,,,,,1
704,10154,69,The Crying Game,Crying with LaughteråÊ,,,,,0
705,13433,65,Harrison's Flowers,Harrison MontgomeryåÊ,,,,,0
706,5989,100,Live in Maid,Live-In MaidåÊ,,,,,1
707,7742,100,The Mudge Boy,The Mudge BoyåÊ,,,,,1
708,350,67,Eva Hesse,VesselåÊ,,,,,0
709,5767,100,WAR,Iraq for Sale: The War ProfiteersåÊ,,,,,1
710,1750,100,The Conformist (2014 re-release),The ConformiståÊ,,,,,1
711,11394,100,Boys,All the Boys Love Mandy LaneåÊ,,,,,1
712,7785,80,Fabled,BledåÊ,,,,,0
713,12014,100,3 Ninjas: High Noon at Mega Mountain,High NoonåÊ,,,,,1
714,625,100,Fritz Lang's Destiny (2016 re-release),DestinyåÊ,,,,,1
715,1343,100,The Sisterhood of Night,The Sisterhood of NightåÊ,,,,,1
716,11316,83,Girl 6,B-GirlåÊ,,,,,1
717,1114,72,Adult Beginners,AdulterersåÊ,,,,,0
718,4897,78,Trucker,StarsuckersåÊ,,,,,0
719,3211,78,The First Time,The Hadza: Last of the FirståÊ,,,,,0
720,1076,100,After The Ball,AfteråÊ,,,,,1
721,8408,82,Teachers,TreacheryåÊ,,,,,1
722,2102,100,The Secret Life of Walter Mitty,WalteråÊ,,,,,1
723,1372,82,SBK The-Movie,The Kentucky Fried MovieåÊ,,,,,1
724,660,100,They Will Have to Kill Us First,They Will Have to Kill Us FirståÊ,,,,,1
725,905,100,Truth,Crop Circles: Quest for TruthåÊ,,,,,1
726,9023,80,From the Hip,Light from the DarkroomåÊ,,,,,0
727,5157,67,Untraceable,IrreplaceableåÊ,,,,,0
728,842,100,Room,The Maid's RoomåÊ,,,,,1
729,8483,100,Love Letters (1984),Love LettersåÊ,,,,,1
730,2249,63,Romeo and Juliet (2013),Julija in alfa RomeoåÊ,,,,,0
731,1947,100,Faith Connections,Faith ConnectionsåÊ,,,,,1
732,8239,100,High Road to China,High RoadåÊ,,,,,1
733,10351,100,Johnny Suede,Johnny SuedeåÊ,,,,,1
734,632,71,The Ruins of Lifta,The CaliforniansåÊ,,,,,0
735,4175,100,Stone,Crazy StoneåÊ,,,,,1
736,10886,100,Century,Scott Walker: 30 Century ManåÊ,,,,,1
737,13070,100,Together,Everything Put TogetheråÊ,,,,,1
738,13272,100,Insomnia,Insomnia ManicaåÊ,,,,,1
739,8949,71,Outrageous Fortune,The Outrageous Sophie TuckeråÊ,,,,,0
740,5523,100,Good,Now Is GoodåÊ,,,,,1
741,2865,100,Gone,Girls Gone DeadåÊ,,,,,1
742,1396,82,Mi America,America Is Still the PlaceåÊ,,,,,1
743,6696,87,Unconscious,SubconsciousåÊ,,,,,1
744,11721,100,Nowhere,Enter NowhereåÊ,,,,,1
745,6597,100,The King,The King of NajayoåÊ,,,,,1
746,2481,73,Ip Man: The Final Fight,Fight to the FinishåÊ,,,,,0
747,1349,100,Alleluia,Alleluia! The Devil's CarnivalåÊ,,,,,1
748,10671,100,The Shadow,The Sound and the ShadowåÊ,,,,,1
749,3222,80,Girl Model,Rodeo GirlåÊ,,,,,0
750,6064,100,Zoo,The Little Ponderosa ZooåÊ,,,,,1
751,9604,100,The Toxic Avenger Part II,The Toxic AvengeråÊ,,,,,1
752,13139,78,Diamond Men,Diamond RuffåÊ,,,,,0
753,6989,77,Just Friends,Mutual FriendsåÊ,,,,,0
754,3560,100,The Way,Rise of the Entrepreneur: The Search for a Better WayåÊ,,,,,1
755,1421,100,Along the Roadside,RoadsideåÊ,,,,,1
756,552,100,Gridiron Heroes,HeroesåÊ            ,,,,,1
757,3480,100,In Time,Love in the Time of MonstersåÊ,,,,,1
758,7965,100,Home Movies,Home MoviesåÊ            ,,,,,1
759,7351,100,The Dark Hours,The Dark HoursåÊ,,,,,1
760,8861,100,My Beautiful Laundrette,My Beautiful LaundretteåÊ,,,,,1
761,12386,100,Show Me Love,Show MeåÊ,,,,,1
762,10226,73,Whispers in the Dark,Cries & WhispersåÊ,,,,,0
763,5146,76,The Love Guru,Intolerance: Love's Struggle Throughout the AgesåÊ,,,,,0
764,6801,100,Evil,The Evil DeadåÊ,,,,,1
765,989,100,Black Panthers: Vanguard of the Revolution,RevolutionåÊ            ,,,,,1
766,8280,61,Doctor Detroit,Rotor DR1åÊ,,,,,0
767,4838,100,12,12 Angry MenåÊ,,,,,1
768,637,80,What Happened Last Night,It Happened One NightåÊ,,,,,0
769,9174,100,Big,The Big SwapåÊ,,,,,1
770,3822,100,3 Backyards,3 BackyardsåÊ,,,,,1
771,1207,100,Pierrot le fou (2015 re-issue),Pierrot le FouåÊ,,,,,1
772,4900,100,Royal Kill,Royal KillåÊ,,,,,1
773,5137,100,Death Race,Death Race 2000åÊ,,,,,1
774,9199,80,Midnight Run,Midnight CabaretåÊ,,,,,0
775,2834,67,Alex Cross,Anderson's CrossåÊ,,,,,0
776,13958,67,Blizzard,BizarreåÊ,,,,,0
777,9003,75,Radio Days,Graduation DayåÊ,,,,,0
778,11777,100,Guy,Some Guy Who Kills PeopleåÊ,,,,,1
779,1370,78,Death Valley,Death CallsåÊ,,,,,0
780,4088,100,Devil,Amidst the Devil's WingsåÊ,,,,,1
781,5336,100,Teeth,Teeth and BloodåÊ,,,,,1
782,1835,100,Happy Valley (2014),Happy ValleyåÊ            ,,,,,1
783,12427,78,On the Ropes,On the OutsåÊ,,,,,0
784,246,60,Premam,ExamåÊ,,,,,0
785,5091,80,High School Musical 3: Senior Year,Sunday School MusicalåÊ,,,,,0
786,2911,100,Rust and Bone,RuståÊ,,,,,1
787,8876,86,Link,InkåÊ,,,,,1
788,1128,82,Christmas Eve,The Christmas BunnyåÊ,,,,,1
789,10203,78,Used People,Jesus PeopleåÊ,,,,,0
790,1264,100,Butterfly Girl,ButterflyåÊ,,,,,1
791,7330,71,Unveiled,UnDividedåÊ,,,,,0
792,2045,100,Frozen,The FrozenåÊ,,,,,1
793,12253,100,The Love Letter,The Love LetteråÊ,,,,,1
794,13908,100,Camp,Horse CampåÊ,,,,,1
795,5393,100,Shelter,Give Me ShelteråÊ,,,,,1
796,9174,100,Big,The Big ParadeåÊ,,,,,1
797,9174,100,Big,Little Big TopåÊ,,,,,1
798,1421,100,Along the Roadside,Along the RoadsideåÊ,,,,,1
799,3215,61,The Revisionaries,Western ReligionåÊ,,,,,0
800,7307,71,The Aggressives,The StewardessesåÊ,,,,,0
801,14071,100,The Sea,"20,000 Leagues Under the SeaåÊ",,,,,1
802,293,100,Mad Max: Fury Road (Academy Re-Release),Mad MaxåÊ,,,,,1
803,11277,77,Mr. Wrong,She Done Him WrongåÊ,,,,,0
804,7692,100,Malevolence,MalevolenceåÊ,,,,,1
805,12016,76,Shooting Fish,Shooting the WarwicksåÊ,,,,,0
806,3670,100,Super,Super HybridåÊ,,,,,1
807,7310,100,Solitude,SolitudeåÊ,,,,,1
808,6781,100,The Case of the Grinning Cat,The Case of the Grinning CatåÊ,,,,,1
809,13853,71,The Order,OrdetåÊ,,,,,0
810,7056,100,The Man,The Man from EarthåÊ,,,,,1
811,10221,84,American Me,An American Girl HolidayåÊ,,,,,1
812,10451,78,Born Yesterday,Yesterday Was a LieåÊ,,,,,0
813,7571,75,The Mother,Theresa Is a MotheråÊ,,,,,0
814,1155,100,Dark Star: H.R. Giger's World,H.åÊ,,,,,1
815,14060,82,A Woman is a Woman,Archaeology of a WomanåÊ,,,,,1
816,1264,100,Butterfly Girl,Butterfly GirlåÊ,,,,,1
817,5401,90,Were the World Mine,The World Is MineåÊ,,,,,1
818,14185,100,The Calling,The CallingåÊ,,,,,1
819,8610,100,Perfect,Perfect CowboyåÊ,,,,,1
820,44,100,Lights Out,When the Lights Went OutåÊ,,,,,1
821,9857,78,The Blood of Heroes,Heroes of DirtåÊ,,,,,0
822,1128,82,Christmas Eve,A Charlie Brown ChristmasåÊ,,,,,1
823,7907,75,Used Cars,ArousedåÊ,,,,,0
824,8159,100,Cat People,Cat PeopleåÊ,,,,,1
825,10221,84,American Me,An American in HollywoodåÊ,,,,,1
826,6254,75,What the Snow Brings,The Brain That SingsåÊ,,,,,0
827,6069,100,My Brother,The Blood of My BrotheråÊ,,,,,1
828,8293,77,Romantic Comedy,Romantic SchemeråÊ,,,,,0
829,10356,76,Bed and Breakfast,A Dog's BreakfaståÊ,,,,,0
830,10356,76,Bed and Breakfast,A Dog's BreakfaståÊ,,,,,0
831,1364,100,The Living,Night of the Living DeadåÊ,,,,,1
832,8679,100,Marie,Une Femme MariÌ©eåÊ,,,,,1
833,116,100,The Birth of a Nation,The Birth of a NationåÊ,,,,,1
834,14203,100,The Work and the Story,The Work and the StoryåÊ,,,,,1
835,11180,75,Eraser,EraserheadåÊ,,,,,0
836,8184,100,Penitentiary II,PenitentiaryåÊ,,,,,1
837,12555,88,"Dude, Where's My Car?","Dude, Where's My Dog?!åÊ",,,,,1
838,11518,100,The Game,Indie Game: The MovieåÊ,,,,,1
839,10642,82,Disclosure,ClosureåÊ,,,,,1
840,5302,86,A Secret,Open SecretåÊ,,,,,1
841,1517,73,Earth to Echo,Echo Dr.åÊ,,,,,0
842,5206,100,The Visitor,The Night VisitoråÊ,,,,,1
843,1853,100,The Past is a Grotesque Animal,The Past is a Grotesque AnimalåÊ,,,,,1
844,478,100,The Land,"Peace, Propaganda & the Promised LandåÊ",,,,,1
845,6353,71,The Queen,Queen CrabåÊ,,,,,0
846,854,67,The 33,The Brain That Wouldn't DieåÊ,,,,,0
847,2994,78,The Oranges,Tiger OrangeåÊ,,,,,0
848,2665,100,Supporting Characters,Supporting CharactersåÊ,,,,,1
849,604,71,Argentina,AbsentiaåÊ,,,,,0
850,1700,82,The Pirates,The DirtiesåÊ,,,,,1
851,8526,100,Gabriela (1984),GabrielaåÊ,,,,,1
852,1407,100,Hayride 2,HayrideåÊ,,,,,1
853,10545,100,Naked,The Naked ApeåÊ,,,,,1
854,1324,100,Counting,CountingåÊ,,,,,1
855,2111,100,The Call,The Call of CthulhuåÊ,,,,,1
856,11655,100,Steel,Bending SteelåÊ,,,,,1
857,1679,100,The Signal (2014),The SignalåÊ,,,,,1
858,8709,100,Revolution,The Image RevolutionåÊ,,,,,1
859,2577,100,This is Martin Bonner,This Is Martin BonneråÊ,,,,,1
860,881,100,True Story,A True StoryåÊ,,,,,1
861,1321,100,Dawn of the Crescent Moon,Dawn of the Crescent MoonåÊ,,,,,1
862,3757,67,Exporting Raymond,Raymond Did ItåÊ,,,,,0
863,10016,100,Run,"Run, Hide, DieåÊ",,,,,1
864,6671,100,Mutual Appreciation,Mutual AppreciationåÊ,,,,,1
865,5538,88,The Cry (La Llorona),Her Cry: La Llorona InvestigationåÊ,,,,,1
866,9210,78,Funny Farm,Funny Ha HaåÊ,,,,,0
867,14166,100,Manito,ManitoåÊ,,,,,1
868,10314,100,Rampage,RampageåÊ,,,,,1
869,10015,100,Dutch,Dutch KillsåÊ,,,,,1
870,1822,63,Yellow Day,Dry SpellåÊ,,,,,0
871,8746,67,The Fly,FlywheelåÊ,,,,,0
872,1079,67,Experimenter,ExeteråÊ,,,,,0
873,6630,90,The Bridge,The RidgesåÊ,,,,,1
874,8857,74,True Stories,Stories of Our LivesåÊ,,,,,0
875,12549,73,Romeo Must Die,All Superheroes Must DieåÊ,,,,,0
876,745,78,Ant-Man,Tin Can ManåÊ,,,,,0
877,597,75,On The Map,On the DownlowåÊ,,,,,0
878,8512,56,A Sunday in the Country,Sanctuary; Quite a ConundrumåÊ,,,,,0
879,1612,100,Bang Bang,BangåÊ,,,,,1
880,5225,100,Mongol,The Mongol KingåÊ,,,,,1
881,9239,60,Stand and Deliver,Signed Sealed DeliveredåÊ,,,,,0
882,12425,100,Following,The FollowingåÊ            ,,,,,1
883,178,61,Maggie's Plan,A Plague So PleasantåÊ,,,,,0
,,,,,,,,,
,,,,,,,,,639