,MapNumber,Score,matchedTittle,movieTittle,
532,4418,75,[Rec] 2,[Rec]Œæ,0
616,3530,62,Warrior,#HorrorŒæ,0
9,5089,100,"10,000 B.C.","10,000 B.C.Œæ            ",1
324,14041,73,1+1=11,11:14Œæ,0
767,13631,64,Gangster No. 1,12 Angry MenŒæ,0
81,10917,100,12 Monkeys,12 MonkeysŒæ            ,1
667,10795,71,To Live,16 to LifeŒæ,0
416,11619,57,187,1776Œæ,0
66,1110,75,1915,1941Œæ,0
700,8462,75,1984,1982Œæ,0
444,4838,67,12,2:13Œæ,0
341,1730,67,"20,000 Days on Earth","20,000 Leagues Under the SeaŒæ",0
801,1730,67,"20,000 Days on Earth","20,000 Leagues Under the SeaŒæ",0
550,521,58,The Seventh Fire,24 7: Twenty Four SevenŒæ,0
770,3822,100,3 Backyards,3 BackyardsŒæ,1
485,3427,54,The Girl with the Dragon Tattoo (2011),30 Nights of Paranormal Activity with the Devil Inside the Girl with the Dragon TattooŒæ,0
49,9698,64,Postcards from the Edge,3rd Rock from the SunŒæ            ,0
157,9881,65,Speaking Parts,55 Days at PekingŒæ,0
525,12568,92,28 Days,8 DaysŒæ,1
587,1773,60,A Birder's Guide to Everything,A Beginner's Guide to SnuffŒæ,0
822,3468,68,Arthur Christmas,A Charlie Brown ChristmasŒæ,0
453,8251,100,A Christmas Story,A Christmas StoryŒæ,1
829,7130,69,Breakfast on Pluto,A Dog's BreakfastŒæ,0
830,7130,69,Breakfast on Pluto,A Dog's BreakfastŒæ,0
349,6812,60,Christmas at Maxwell's,A Farewell to ArmsŒæ,0
691,376,73,Fire at Sea,A Fine StepŒæ,0
570,380,59,Best Worst Thing That Ever Could Have Happened,A Funny Thing Happened on the Way to the ForumŒæ,0
507,13073,65,All Over the Guy,A Guy Named JoeŒæ,0
413,570,74,This Last Lonely Place,A Lonely Place to DieŒæ,0
425,13194,68,A Song for Martin,A Man for All SeasonsŒæ,0
48,2825,73,"Monsters, Inc. (3D)",A Monster in ParisŒæ,0
100,10423,76,A Perfect World,A Perfect PlanŒæ,0
883,178,61,Maggie's Plan,A Plague So PleasantŒæ,0
327,5263,69,Son of Rambow,A Shine of RainbowsŒæ,0
579,407,65,A Street Cat Named Bob,A Streetcar Named DesireŒæ,0
211,3293,70,Tales of the Night,A Tale of Three CitiesŒæ,0
34,4600,69,Land of the Lost,A Touch of FrostŒæ            ,0
860,881,91,True Story,A True StoryŒæ,1
103,12404,61,The Adventures of Sebastian Cole,A Turtle's Tale: Sammy's AdventuresŒæ,0
78,10779,75,Squanto: A Warrior's Tale,A Warrior's TailŒæ,0
578,13376,88,Abandon,AbandonedŒæ,0
849,604,71,Argentina,AbsentiaŒæ,0
93,1309,71,Little Accidents,Accidental LoveŒæ,0
243,2591,73,A Resurrection,Adam ResurrectedŒæ,0
717,1114,72,Adult Beginners,AdulterersŒæ,0
720,3874,100,After,AfterŒæ,1
590,5779,83,Into the Wild,Against the WildŒæ,0
393,1166,67,Aloft,AirliftŒæ,0
545,8294,70,Fanny and Alexander,Alexander's Ragtime BandŒæ,0
519,10194,77,Raising Cain,Alien UprisingŒæ,0
299,2418,73,No One Lives,Alien ZoneŒæ,0
382,5560,100,All Hat,All HatŒæ,1
875,3395,68,Death of a Superhero,All Superheroes Must DieŒæ,0
12,5560,70,All Hat,All That JazzŒæ,0
711,13434,66,The Dangerous Lives of Altar Boys,All the Boys Love Mandy LaneŒæ,0
747,12444,63,All the Little Animals,Alleluia! The Devil's CarnivalŒæ,0
798,1421,100,Along the Roadside,Along the RoadsideŒæ,1
308,4062,58,Legend of the Guardians: The Owls of Ga'Hoole,Alpha and Omega 4: The Legend of the Saw Toothed CaveŒæ,0
530,4691,69,Taking Woodstock,Always WoodstockŒæ,0
742,5447,68,America the Beautiful,America Is Still the PlaceŒæ,0
250,10585,86,American Heart,American HeistŒæ,0
702,10585,89,American Heart,American HeroŒæ,0
780,11506,68,The Devil's Advocate,Amidst the Devil's WingsŒæ,0
497,4665,71,Amelia,AmnesiacŒæ,0
811,13082,77,An American Rhapsody,An American Girl HolidayŒæ,0
825,8188,70,It Came From Hollywood,An American in HollywoodŒæ,0
696,6183,100,And Then Came Love,And Then Came LoveŒæ,1
775,7045,63,Mrs. Henderson Presents,Anderson's CrossŒæ,0
29,13722,100,Anger Management,Anger ManagementŒæ            ,1
46,4194,68,Animal Kingdom,Animal Kingdom: Let's go ApeŒæ,0
397,4194,100,Animal Kingdom,Animal KingdomŒæ            ,1
74,12917,75,The Animal,Animals UnitedŒæ,0
336,887,75,Anomalisa,AnimalsŒæ,0
394,3563,63,Of Gods and Men,Anne of Green GablesŒæ            ,0
412,3945,100,Another Happy Day,Another Happy DayŒæ,1
517,7514,71,Birth,AntibirthŒæ,0
459,28,62,Arrival,AntiviralŒæ,0
815,10796,62,A Good Man in Africa,Archaeology of a WomanŒæ,0
359,1335,100,Area 51,Area 51Œæ,1
161,2733,70,The Dark Knight Rises,Arn: The Knight TemplarŒæ,0
823,7907,75,Used Cars,ArousedŒæ,0
47,7971,100,Arthur,ArthurŒæ            ,1
695,13883,79,Anything Else,Ask Me AnythingŒæ,0
7,5947,61,The Last Sin Eater,Asterix at the Olympic GamesŒæ,0
451,5574,100,August,AugustŒæ,1
179,687,73,Automatic Hate,AutomataŒæ,0
491,10398,55,Wayne's World 2,AWOL-72Œæ,0
716,11316,83,Girl 6,B-GirlŒæ,0
58,12616,100,Bait,BaitŒæ,1
561,1987,73,Anna,BananasŒæ,0
63,12933,80,Bandits,BandidasŒæ,0
688,1612,78,Bang Bang,Bang Bang BabyŒæ,0
879,11524,75,Bean,BangŒæ,0
693,5477,64,Chapter 27,Banshee ChapterŒæ,0
268,2946,82,Barbara,BarbarellaŒæ,0
260,2722,67,Absence,BarbecueŒæ,0
381,2902,100,Barfi!,BarfiŒæ,1
216,274,64,Harry & Snowman,Barry LyndonŒæ,0
494,1137,64,Nasty Baby,Barry MundayŒæ,0
520,9476,69,Say Anything,Bathing BeautyŒæ,0
177,3077,62,Forgiveness of Blood,Bathory: Countess of BloodŒæ,0
445,2926,68,The Dark Knight (2012 re-release),"Batman: The Dark Knight Returns, Part 2Œæ",0
622,9583,84,Babar: The Movie,Batman: The MovieŒæ,0
581,1447,83,Dawn of the Planet of the Apes,Battle for the Planet of the ApesŒæ,0
645,3706,70,Bellflower,Below ZeroŒæ,0
10,95,74,Ben-Hur (2016),Ben-HurŒæ,0
169,95,74,Ben-Hur (2016),Ben-HurŒæ,0
424,95,74,Ben-Hur (2016),Ben-HurŒæ,0
856,9131,70,Steel Dawn,Bending SteelŒæ,0
266,4891,62,Broken Hill,Beneath Hill 60Œæ,0
462,1447,80,Dawn of the Planet of the Apes,Beneath the Planet of the ApesŒæ,0
15,6944,100,Bewitched,BewitchedŒæ            ,1
776,13958,67,Blizzard,BizarreŒæ,0
293,1358,100,Black November,Black NovemberŒæ,1
685,5853,80,Black Book,Black RockŒæ,0
64,12360,68,"Black Cat, White Cat",Black Water TransitŒæ,0
712,7785,80,Fabled,BledŒæ,0
649,9945,67,Lionheart,Bleeding HeartsŒæ,0
145,8027,100,Blow Out,Blow OutŒæ,1
231,8459,100,Body Double,Body DoubleŒæ,1
111,7557,65,Saints and Soldiers,Bodyguards and AssassinsŒæ,0
278,6440,100,"Bon Cop, Bad Cop",Bon Cop Bad CopŒæ,1
232,13009,100,Bones,BonesŒæ            ,1
543,1757,71,In Bloom,Boom TownŒæ,0
370,5451,82,Body of War,Born of WarŒæ,0
477,9827,95,Brain Dead,BrainDeadŒæ            ,1
478,11417,67,A Single Girl,Brave New GirlŒæ,0
218,3690,100,Brighton Rock,Brighton RockŒæ,1
186,7038,74,Broken Flowers,Broken HorsesŒæ,0
664,13914,100,Bubba Ho-Tep,Bubba Ho-TepŒæ,1
298,10208,100,Buffy the Vampire Slayer,Buffy the Vampire SlayerŒæ            ,1
816,1264,100,Butterfly Girl,Butterfly GirlŒæ,1
790,12676,100,Butterfly,ButterflyŒæ,1
632,8490,100,C.H.U.D.,C.H.U.D.Œæ,1
598,13818,100,Cabin Fever,Cabin FeverŒæ,1
379,7520,100,Camping Sauvage,Camping sauvageŒæ,1
371,261,67,American Honey,Capricorn OneŒæ,0
85,11911,61,The Spanish Prisoner,Captain Alatriste: The Spanish MusketeerŒæ,0
395,2753,89,Argo,CargoŒæ,0
102,14085,100,Carnage,CarnageŒæ,1
654,10288,69,Casablanca (Re-issue),CasablancaŒæ,0
461,13816,64,Love Don't Cost a Thing,Cat on a Hot Tin RoofŒæ,0
197,8159,100,Cat People,Cat PeopleŒæ,1
824,8159,100,Cat People,Cat PeopleŒæ,1
144,4377,71,Hatchet 2,Catch-22Œæ,0
431,3713,73,Chasing Madoff,Chain of CommandŒæ,0
692,13468,100,Charly,CharlyŒæ,1
615,4984,67,Chocolate,CheckmateŒæ,0
181,7390,49,Christmas with the Kranks,Chiamatemi Francesco - Il Papa della genteŒæ,0
493,2997,62,Chico & Rita,Chicago OvercoatŒæ,0
529,3014,63,Chicken with Plums,Chicken Tikka MasalaŒæ,0
678,1425,100,Childless,ChildlessŒæ,1
367,1128,100,Christmas Eve,Christmas EveŒæ,1
515,5278,80,A Christmas Tale,Christmas MailŒæ,0
554,4474,100,Circle,CircleŒæ,1
454,9808,85,Class of 1999,Class of 1984Œæ,0
496,8864,88,At Close Range,Close RangeŒæ,0
612,5188,78,Fly Me to the Moon,Closer to the MoonŒæ,0
839,10642,82,Disclosure,ClosureŒæ,0
290,1880,69,Horses of God,Code of HonorŒæ,0
567,1012,74,Freetown,Coffee TownŒæ,0
226,8568,100,Commando,CommandoŒæ,1
82,13351,100,Confessions of a Dangerous Mind,Confessions of a Dangerous MindŒæ,1
592,1447,84,Dawn of the Planet of the Apes,Conquest of the Planet of the ApesŒæ,0
18,6933,100,Constantine,ConstantineŒæ            ,1
535,1162,75,Entertainment,ContainmentŒæ,0
647,5188,60,Fly Me to the Moon,Cotton Comes to HarlemŒæ,0
854,1324,100,Counting,CountingŒæ,1
735,5957,76,Crazy Love,Crazy StoneŒæ,0
476,8656,80,Creator,CreatureŒæ            ,0
13,8117,100,Creepshow,CreepshowŒæ,1
274,8117,100,Creepshow,CreepshowŒæ,1
762,10226,71,Whispers in the Dark,Cries & WhispersŒæ,0
312,4567,63,Paranormal Activity,Criminal ActivitiesŒæ,0
725,13664,100,Crop Circles: Quest for Truth,Crop Circles: Quest for TruthŒæ,1
646,602,67,Star Crossed,CrowsnestŒæ,0
704,10154,69,The Crying Game,Crying with LaughterŒæ,0
205,4706,73,Cheri,CypherŒæ,0
637,9857,62,The Blood of Heroes,Da Sweet Blood of JesusŒæ,0
159,9211,74,Alien Nation,Damnation AlleyŒæ,0
209,4985,67,Lion's Den,Dancin' It's OnŒæ,0
14,13737,100,Daredevil,DaredevilŒæ            ,1
301,8998,76,Angel Heart,Dark AngelŒæ            ,0
861,1321,100,Dawn of the Crescent Moon,Dawn of the Crescent MoonŒæ,1
448,85,70,Patriots Day,Dawn PatrolŒæ,0
150,8658,100,Day of the Dead,Day of the DeadŒæ,1
438,8658,100,Day of the Dead,Day of the DeadŒæ,1
452,3529,100,One Day,Day OneŒæ,1
474,12149,80,End of Days,Days of HeavenŒæ,0
362,2465,58,Andre Gregory: Before and After Dinner,Dead Like Me: Life After DeathŒæ,0
585,9149,73,Deadline,Deadline - U.S.A.Œæ,0
472,8044,67,Gallipoli,Deadline GallipoliŒæ            ,0
779,2111,74,The Call,Death CallsŒæ,0
773,5137,80,Death Race,Death Race 2000Œæ,0
357,7719,100,Decoys,DecoysŒæ,1
627,8694,100,Def-Con 4,Def-Con 4Œæ,1
36,5158,100,Defiance,DefianceŒæ            ,1
194,715,57,In Her Name (Au nom de ma fille),Del 1 - Mí_n som hatar kvinnorŒæ            ,0
480,384,83,Demon,DemonicŒæ,0
663,4723,95,Departures,DepartureŒæ,1
714,9744,82,Mr. Destiny,DestinyŒæ,0
256,12214,71,Election,DetentionŒæ,0
752,12409,70,Diamonds,Diamond RuffŒæ,0
684,5744,62,Mr. Bean's Holiday,Doc Holliday's RevengeŒæ,0
326,4453,100,Don McKay,Don McKayŒæ,1
505,3350,60,Downtown Express,Donovan's ReefŒæ,0
427,3823,100,Down for Life,Down for LifeŒæ,1
580,269,54,"Lo and Behold, Reveries of the Connected World",Dr. Strangelove or: How I Learned to Stop Worrying and Love the BombŒæ,0
158,12617,73,Dungeons & Dragons,Dragon HuntersŒæ,0
50,6838,67,Masai: The Rain Warriors,Dragon Nest: Warriors' DawnŒæ,0
212,9177,89,Die Hard,Drive HardŒæ,0
870,1822,63,Yellow Day,Dry SpellŒæ,0
837,12555,84,"Dude, Where's My Car?","Dude, Where's My Dog?!Œæ",0
180,14086,60,Down and Out with the Dolls,Dungeons & Dragons: Wrath of the Dragon GodŒæ,0
869,10015,62,Dutch,Dutch KillsŒæ,0
133,10797,63,Leprechaun 2,Dwegons and LeprechaunsŒæ,0
369,670,90,The Dying of the Light,Dying of the LightŒæ,0
589,3278,100,Dysfunctional Friends,Dysfunctional FriendsŒæ,1
841,5745,62,Breach,Echo Dr.Œæ,0
583,4189,68,Mother and Child,Ed and His Dead MotherŒæ,0
528,1148,100,Eden,EdenŒæ,1
468,5684,62,American Gangster,Elmer GantryŒæ,0
235,5373,100,Elsa & Fred,Elsa & FredŒæ,1
699,4934,75,Teza,ElzaŒæ,0
329,11238,100,Emma,EmmaŒæ            ,1
432,13345,100,Empire,EmpireŒæ            ,1
744,7329,75,Nowhere Man,Enter NowhereŒæ,0
489,10899,72,Dangerous Minds,Enter the Dangerous MindŒæ,0
70,811,100,Entourage,EntourageŒæ            ,1
835,11180,75,Eraser,EraserheadŒæ,0
512,1447,81,Dawn of the Planet of the Apes,Escape from the Planet of the ApesŒæ,0
551,8542,100,Eureka,EurekaŒæ            ,1
737,13224,100,Everything Put Together,Everything Put TogetherŒæ,1
539,7077,50,Me and You and Everyone We Know,Everything You Always Wanted to Know About Sex * But Were Afraid to AskŒæ,0
16,551,100,Evolution,EvolutionŒæ,1
784,246,60,Premam,ExamŒæ,0
872,1079,67,Experimenter,ExeterŒæ,0
189,9712,82,The Exorcist III,Exorcist II: The HereticŒæ,0
643,13405,75,Extreme Ops,Extreme MovieŒæ,0
32,2069,72,Now You See Me,Eye See YouŒæ,0
215,343,67,The Fits,F.I.S.T.Œæ,0
731,1947,100,Faith Connections,Faith ConnectionsŒæ,1
651,7015,65,A Lot Like Love,Faith Like PotatoesŒæ,0
464,6731,76,Family Law,Family PlotŒæ,0
291,1365,100,Far from Men,Far from MenŒæ,1
363,6931,90,March of the Penguins,Farce of the PenguinsŒæ,0
297,11233,100,Fargo,FargoŒæ            ,1
385,8109,100,Fast Times at Ridgemont High,Fast Times at Ridgemont HighŒæ,1
511,11550,62,Father's Day,"Fat, Sick & Nearly DeadŒæ",0
689,5306,67,"War, Inc.",Fear ClinicŒæ,0
458,6706,100,Feast,FeastŒæ,1
610,4320,62,Touching Home,Fetching CodyŒæ,0
241,5516,81,Walking on Dead Fish,Fifty Dead Men WalkingŒæ,0
746,12065,72,The Theory of Flight,Fight to the FinishŒæ,0
138,8253,70,Valley Girl,Fight ValleyŒæ,0
122,4652,100,Fired Up,Fired UpŒæ            ,1
140,11916,100,Firestorm,FirestormŒæ,1
39,8093,100,First Blood,First BloodŒæ,1
187,8093,100,First Blood,First BloodŒæ,1
56,7874,100,Flash Gordon,Flash GordonŒæ,1
83,92,100,Florence Foster Jenkins,Florence Foster JenkinsŒæ,1
364,3272,67,Falling Away,Flying ByŒæ,0
871,8746,67,The Fly,FlywheelŒæ,0
697,10788,67,China Moon,Food ChainsŒæ,0
44,10092,71,Dogfight,Foodfight!Œæ,0
351,2196,62,20 Feet from Stardom,Force 10 from NavaroneŒæ,0
629,4893,77,Not Forgotten,Forget Me NotŒæ,0
109,13010,80,The Forsaken,ForsakenŒæ,0
152,13010,80,The Forsaken,ForsakenŒæ,0
606,129,78,Fifty Shades of Black,Forty Shades of BlueŒæ,0
488,13343,78,The Four Feathers,Four Single FathersŒæ,0
674,2950,71,Rampart,Frat PartyŒæ,0
331,13731,72,Freaky Friday,Freaky DeakyŒæ,0
184,1390,88,Unfreedom,FreedomŒæ,0
475,11407,100,Freeway,FreewayŒæ,1
556,12593,62,Reindeer Games,Freeze FrameŒæ,0
437,2045,67,Frozen,FrenzyŒæ,0
68,7399,100,Friday Night Lights,Friday Night LightsŒæ            ,1
594,14116,71,From Here to Eternity (50th Anniversary),From Here to EternityŒæ,0
390,4929,67,Fuel,FuglyŒæ,0
866,1109,65,She's Funny That Way,Funny Ha HaŒæ,0
851,13050,100,Gabriela,GabrielaŒæ,1
335,4410,67,GasLand,GalaxinaŒæ,0
112,8092,100,Gandhi,GandhiŒæ,1
544,3832,62,A Somewhat Gentle Man,Gentleman's AgreementŒæ,0
67,9290,70,Hero and the Terror,George and the DragonŒæ,0
547,12317,100,Get Real,Get RealŒæ            ,1
188,8377,80,Ghostbusters,Ghost HuntersŒæ            ,0
620,13159,78,The Girl,Girl HouseŒæ,0
741,6789,79,The Dead Girl,Girls Gone DeadŒæ,0
795,1635,86,Gimme Shelter,Give Me ShelterŒæ,0
320,13625,74,Food of Love,Goddess of LoveŒæ,0
2,206,69,Shin Godzilla,Godzilla ResurgenceŒæ,0
5,206,69,Shin Godzilla,Godzilla ResurgenceŒæ,0
317,5265,100,Gomorrah,GomorrahŒæ            ,1
139,5773,100,Gone Baby Gone,"Gone, Baby, GoneŒæ            ",1
247,12168,71,Cruel Intentions,Good IntentionsŒæ,0
337,3747,71,Rubber,GrabbersŒæ,0
77,7504,65,Maria Full of Grace,Grace of MonacoŒæ,0
777,9003,75,Radio Days,Graduation DayŒæ,0
642,1596,68,The Grand Seduction,Grand Theft ParsonsŒæ,0
557,9348,64,Five Corners,Grave EncountersŒæ,0
289,5167,67,Never Back Down,Green Street 3: Never Back DownŒæ,0
499,1908,84,The Great Invisible,Griff the InvisibleŒæ,0
614,4459,69,The Kids Grow Up,Growing Up SmithŒæ,0
249,7263,71,Genesis,GunlessŒæ,0
814,3424,50,Hop,H.Œæ,0
164,12920,67,A Knight's Tale,Hachi: A Dog's TaleŒæ,0
134,158,100,Hands of Stone,Hands of StoneŒæ,1
584,4412,67,Shanghai Red,Hang 'Em HighŒæ,0
11,12887,100,Hannibal,HannibalŒæ            ,1
399,13549,80,Hansel and Gretel,Hansel & Gretel Get BakedŒæ,0
782,5456,100,Happy Valley,Happy ValleyŒæ            ,1
303,1220,100,Hard to Be a God,Hard to Be a GodŒæ,1
84,613,63,A Space Program,Harlock: Space PirateŒæ,0
436,4729,71,Paper Heart,HarperŒæ,0
705,1346,60,Horse Money,Harrison MontgomeryŒæ,0
6,3400,95,Harry Potter and the Deathly Hallows Part 2,Harry Potter and the Deathly Hallows: Part IŒæ,1
4,3400,94,Harry Potter and the Deathly Hallows Part 2,Harry Potter and the Deathly Hallows: Part IIŒæ,1
605,5996,100,Hatchet,HatchetŒæ,1
852,1407,88,Hayride 2,HayrideŒæ,0
233,8058,100,Heartbeeps,HeartbeepsŒæ,1
253,11392,71,Heavy Metal (re-issue),Heavy MetalŒæ,0
57,12970,100,Heist,HeistŒæ,1
261,12970,100,Heist,HeistŒæ,1
669,1289,86,Eli,HeliŒæ,0
417,12515,76,Charlie's Angels,Hell's AngelsŒæ,0
366,9509,80,Henry V,Henry & MeŒæ,0
865,5538,56,The Cry (La Llorona),Her Cry: La Llorona InvestigationŒæ,0
821,552,69,Gridiron Heroes,Heroes of DirtŒæ,0
756,7409,80,Hero,HeroesŒæ            ,0
681,9853,75,Hidden Agenda,Hidden AwayŒæ,0
450,12589,72,High Fidelity,High AnxietyŒæ,0
713,7079,76,High Tension,High NoonŒæ,0
334,6282,61,Four Lane Highway,High Plains DrifterŒæ,0
732,12952,71,How High,High RoadŒæ,0
310,5091,74,High School Musical 3: Senior Year,High School Musical 2Œæ,0
396,11242,74,High School High,High School MusicalŒæ,0
565,7620,82,Highwaymen,HighwayŒæ,0
214,7986,100,"History of the World, Part I",History of the World: Part IŒæ,1
665,7986,100,"History of the World, Part I",History of the World: Part IŒæ,1
54,9023,72,From the Hip,Hit the FloorŒæ            ,0
672,7116,73,Heights,HitsŒæ,0
409,2968,100,Holy Motors,Holy MotorsŒæ,1
758,7965,100,Home Movies,Home MoviesŒæ            ,1
794,3053,76,Crazy Horse,Horse CampŒæ,0
621,2827,78,House at the End of The Street,House at the End of the DriveŒæ,0
428,6561,87,The House of Sand,House of SandŒæ,0
608,3210,74,Hellbound?,HouseboundŒæ,0
635,11476,59,Eden Valley,How Green Was My ValleyŒæ,0
422,593,79,How He Fell in Love,How to Fall in LoveŒæ,0
513,2147,67,Mud,HudŒæ,0
549,12817,98,Hum to Mohabbt Karega,Hum To Mohabbat KaregaŒæ,1
151,12936,67,I Am Sam,I Am WrathŒæ,0
149,8478,75,Racing with the Moon,I Come with the RainŒæ,0
492,2308,73,Diana,IguanaŒæ,0
526,7010,78,Match Point,Impact PointŒæ,0
434,5461,73,Bloodline,In Cold BloodŒæ,0
537,670,78,The Dying of the Light,In the Heat of the NightŒæ            ,0
446,12108,71,The Last of the High Kings,In the Name of the King: The Last JobŒæ,0
41,8176,100,Inchon,InchonŒæ,1
588,11167,84,Independence Day,Independence DaysasterŒæ,0
838,7387,74,Garfield: The Movie,Indie Game: The MovieŒæ,0
787,8876,86,Link,InkŒæ,0
738,13272,70,Insomnia,Insomnia ManicaŒæ,0
254,9212,63,Gorillas in the Mist,Into the Grizzly MazeŒæ,0
763,2201,57,Metallica Through the Never,Intolerance: Love's Struggle Throughout the AgesŒæ,0
229,8593,100,Invasion U.S.A.,Invasion U.S.A.Œæ,1
709,9436,62,The War of the Roses,Iraq for Sale: The War ProfiteersŒæ,0
106,6761,74,Iron Island,IroncladŒæ,0
727,5157,67,Untraceable,IrreplaceableŒæ,0
768,637,76,What Happened Last Night,It Happened One NightŒæ,0
244,4056,61,Resident Evil: Afterlife,It's a Wonderful AfterlifeŒæ,0
460,8992,70,Some Kind of Wonderful,It's a Wonderful LifeŒæ,0
91,5562,60,It Always Rains on Sunday (re-issue),It's Always Sunny in PhiladelphiaŒæ            ,0
531,4847,62,Monster Beach Party,Jack Brooks: Monster SlayerŒæ,0
353,8181,100,Jekyll and Hyde Together Again,Jekyll and Hyde... Together AgainŒæ,1
694,7884,67,Tess,JesseŒæ            ,0
789,396,67,Other People,Jesus PeopleŒæ,0
673,2725,69,Billy and Buddy,Jimmy and JudyŒæ,0
733,10351,100,Johnny Suede,Johnny SuedeŒæ,1
504,8617,69,Return to Oz,Journey to SaturnŒæ,0
469,10464,63,Judgment Night,Judgment at NurembergŒæ,0
323,220,83,Julieta,JuliaŒæ,0
730,2249,63,Romeo and Juliet (2013),Julija in alfa RomeoŒæ,0
242,11508,69,Jungle 2 Jungle,Jungle ShuffleŒæ,0
670,1968,61,Love and Air Sex,Karachi se LahoreŒæ,0
178,2723,100,Khumba,KhumbaŒæ,1
600,8163,69,Forced Vengeance,Kickboxer: VengeanceŒæ,0
276,353,100,Kicks,KicksŒæ,1
234,6521,100,Krrish,KrrishŒæ,1
59,8255,100,Krull,KrullŒæ,1
467,8618,100,Krush Groove,Krush GrooveŒæ,1
223,12056,67,Un air de famille,La Famille Bí©lierŒæ,0
121,8591,100,Ladyhawke,LadyhawkeŒæ,1
501,6504,100,Lage Raho Munna Bhai,Lage Raho Munna BhaiŒæ,1
655,10116,67,Naked Tango,Lake MungoŒæ,0
21,11256,100,Last Man Standing,Last Man StandingŒæ            ,1
206,5358,64,The Legend of God's Gun,Legend of Kung Fu RabbitŒæ,0
377,7224,65,Gille's Wife,Let's Kill Ward's WifeŒæ,0
533,14147,80,Hidden in Plain Sight,Lies in Plain SightŒæ,0
19,12153,100,Life,LifeŒæ            ,1
98,8614,100,Lifeforce,LifeforceŒæ,1
726,1292,68,The Armor of Light,Light from the DarkroomŒæ,0
166,9371,64,Aloha Summer,LilyhammerŒæ            ,0
86,3441,100,Limitless,LimitlessŒæ            ,1
61,12031,77,Passion in the Desert,Lion of the DesertŒæ,0
174,1828,75,Lilting,ListeningŒæ,0
797,3240,69,Little Birds,Little Big TopŒæ,0
72,12563,74,Little Nicky,Little NicholasŒæ,0
706,5989,100,Live in Maid,Live-In MaidŒæ,1
591,5405,67,The Other End of the Line,Living Dark: The Story of Ted the CaverŒæ,0
220,549,86,Lolo,LOLŒæ,0
31,11987,71,Lolita (1998),LolitaŒæ,0
541,11987,71,Lolita (1998),LolitaŒæ,0
701,5605,100,London to Brighton,London to BrightonŒæ,1
257,9785,100,Loose Cannons,Loose CannonsŒæ,1
449,7044,77,Lords of Dogtown,Lords of LondonŒæ,0
302,8352,100,Losin' It,Losin' ItŒæ,1
757,13667,91,Love in the Time of Money,Love in the Time of MonstersŒæ,1
729,8483,83,Love Letters (1984),Love LettersŒæ,0
661,574,77,Love Me True,Love Me TenderŒæ,0
222,8285,100,Lovesick,LovesickŒæ            ,1
671,1477,72,Annabelle,Loving AnnabelleŒæ,0
60,13863,100,Luther,LutherŒæ            ,1
429,11608,71,B.A.P.S.,M*A*S*HŒæ            ,0
219,13590,73,Mean Machine,Machine Gun McCainŒæ,0
802,7918,100,Mad Max,Mad MaxŒæ,1
804,7692,100,Malevolence,MalevolenceŒæ,1
867,14166,100,Manito,ManitoŒæ,1
45,11624,100,McHale's Navy,McHale's NavyŒæ            ,1
607,1411,100,Me You and Five Bucks,Me You and Five BucksŒæ,1
117,3186,77,Meet the Fokkens,Meet the BrownsŒæ            ,0
325,3925,74,Rid of Me,Men of WarŒæ,0
162,11542,73,Metro,MeteorŒæ,0
3,6339,100,Miami Vice,Miami ViceŒæ            ,1
774,2179,77,Before Midnight,Midnight CabaretŒæ,0
430,2179,73,Before Midnight,Midnight CowboyŒæ,0
224,2239,70,Disconnect,MisconductŒæ,0
338,12430,100,Miss Julie,Miss JulieŒæ,1
386,5522,67,Good Dick,Moby DickŒæ,0
275,7996,100,Modern Problems,Modern ProblemsŒæ,1
344,8005,100,Mommie Dearest,Mommie DearestŒæ,1
604,3665,100,Mooz-lum,Mooz-LumŒæ,1
288,259,100,Mr. Church,Mr. ChurchŒæ,1
599,6739,77,Can Mr. Smith Get to Washington Anymore?,Mr. Smith Goes to WashingtonŒæ,0
613,1228,76,Tap World,Mutant WorldŒæ,0
864,6671,100,Mutual Appreciation,Mutual AppreciationŒæ,1
753,6989,77,Just Friends,Mutual FriendsŒæ,0
760,8861,100,My Beautiful Laundrette,My Beautiful LaundretteŒæ,1
481,7318,100,My Big Fat Independent Movie,My Big Fat Independent MovieŒæ,1
682,13512,70,Me Without You,My Last Day Without YouŒæ,0
375,9714,65,Navy Seals,Navy Seals vs. ZombiesŒæ,0
426,4736,80,New York,NetworkŒæ,0
486,5167,67,Never Back Down,Never Back Down 2: The BeatdownŒæ,0
190,395,87,"New York, New York (2016)","New York, New YorkŒæ",0
634,4217,67,Agora,NiagaraŒæ,0
398,9780,100,Night of the Living Dead,Night of the Living DeadŒæ,1
831,9780,100,Night of the Living Dead,Night of the Living DeadŒæ,1
346,8016,100,Nighthawks,NighthawksŒæ,1
300,9330,63,Little Nikita,NikitaŒæ            ,0
559,9149,82,Deadline,Nine DeadŒæ,0
564,14034,65,Stoked: The Rise and Fall of Gator,No Man's Land: The Rise of ReekerŒæ,0
421,5775,82,Vacancy,No VacancyŒæ,0
414,4576,71,Knowing,NothingŒæ,0
740,12084,71,Go Now!,Now Is GoodŒæ,0
248,12592,63,Nurse Betty,Nurse 3DŒæ,0
52,3305,59,Post Mortem,Obitaemyy ostrovŒæ,0
877,223,71,The Neon Demon,On the DownlowŒæ,0
783,12427,78,On the Ropes,On the OutsŒæ,0
611,13762,73,Once Upon a Time in Mexico,Once Upon a Time in QueensŒæ,0
352,14019,77,Once Upon a Time in the Midlands,Once Upon a Time in the WestŒæ,0
483,4965,82,The Open Road,Open RoadŒæ,0
840,1694,80,In Secret,Open SecretŒæ,0
809,13853,71,The Order,OrdetŒæ,0
142,14115,71,Out of Control,Out of InfernoŒæ,0
355,6279,100,Out of the Blue,Out of the BlueŒæ,1
596,2514,87,Out in the Dark,Out of the DarkŒæ,0
37,4827,100,Outlander,OutlanderŒæ            ,1
292,1318,71,B-Side,Outside BetŒæ,0
119,12495,69,I Want You,Paint Your WagonŒæ,0
183,13223,100,Pandaemonium,PandaemoniumŒæ,1
246,561,74,Reparation,PartitionŒæ,0
126,1541,62,Transcendence,PasschendaeleŒæ,0
378,8727,72,The Karate Kid Part II,Pat Garrett & Billy the KidŒæ,0
199,8726,77,Platoon,PattonŒæ,0
844,7315,94,"Peace, Propaganda and the Promised Land","Peace, Propaganda & the Promised LandŒæ",1
836,8184,89,Penitentiary II,PenitentiaryŒæ,0
125,4007,74,Inception,PerceptionŒæ            ,0
819,4526,80,Nobody's Perfect,Perfect CowboyŒæ,0
227,39,84,Pete's Dragon (2016),Pete's DragonŒæ,0
771,6082,100,PIERROT LE FOU,Pierrot le FouŒæ,1
251,10100,71,Pastime,PlasticŒæ,0
495,2815,61,Rock of Ages,Pocketful of MiraclesŒæ,0
487,3628,100,Point Blank,Point BlankŒæ,1
463,12982,97,Pokemon 3: The Movie,Pokí©mon 3: The MovieŒæ,1
296,7230,71,39 Pounds of Love,Pound of FleshŒæ,0
281,9483,80,Prancer,PreacherŒæ            ,0
200,10978,80,The Prophecy,ProphecyŒæ,0
676,3540,67,Prom,ProudŒæ,0
365,8232,71,Psycho II,PsychŒæ            ,0
418,8835,73,Violets Are Blue,Purple VioletsŒæ,0
641,13494,67,CQ,QŒæ,0
845,10079,64,Queens Logic,Queen CrabŒæ,0
626,11673,77,Prisoner of the Mountains,Queen of the MountainsŒæ,0
195,8118,100,Quest for Fire,Quest for FireŒæ,1
272,315,59,Aquarius,Quo VadisŒæ,0
391,3744,59,Steve Jobs: The Lost Interview,R.L. Stine's Monsterville: The Cabinet of SoulsŒæ,0
132,2260,78,Raanjhana,RamanujanŒæ,0
868,10314,100,Rampage,RampageŒæ,1
862,8848,64,'Round Midnight,Raymond Did ItŒæ,0
252,4433,80,Red Hill,Re-KillŒæ,0
630,8318,59,Trenchcoat,RebeccaŒæ,0
22,13260,78,Red Dragon,Red DawnŒæ,0
255,6674,75,Red Doors,Red DogŒæ,0
154,7591,100,Red Lights,Red LightsŒæ,1
262,13711,63,The Lord of the Rings: The Return of the King,Red Riding: In the Year of Our Lord 1974Œæ,0
471,5250,76,Frozen River,Red RiverŒæ,0
108,7980,73,Reds,Red SkyŒæ,0
153,8648,100,Red Sonja,Red SonjaŒæ,1
407,3605,100,Red State,Red StateŒæ,1
65,7980,100,Reds,RedsŒæ,1
191,13102,70,Our Lady of the Assassins,Reign of AssassinsŒæ,0
602,8541,100,Repo Man,Repo ManŒæ,1
283,12854,100,Restless,RestlessŒæ,1
147,11042,100,Restoration,RestorationŒæ,1
553,10612,100,Return of the Living Dead III,Return of the Living Dead IIIŒæ,1
89,8617,100,Return to Oz,Return to OzŒæ,1
765,8709,100,Revolution,RevolutionŒæ            ,1
79,4759,69,Play the Game,Ripley's GameŒæ,0
754,2406,57,Young Detective Dee: Rise of the Sea Dragon,Rise of the Entrepreneur: The Search for a Better WayŒæ,0
755,7938,86,Roadie,RoadsideŒæ,0
350,11489,81,Batman and Robin,Robin and MarianŒæ,0
470,12521,75,Chicken Run,Robot ChickenŒæ            ,0
562,8473,67,Runaway,RockawayŒæ,0
656,2325,64,Singh Saab The Great,Rocket Singh: Salesman of the YearŒæ,0
749,3222,80,Girl Model,Rodeo GirlŒæ,0
110,5589,100,Rogue,RogueŒæ            ,1
828,4332,76,The Romantics,Romantic SchemerŒæ,0
456,13200,64,Maybe Baby,Rosemary's BabyŒæ,0
766,8280,61,Doctor Detroit,Rotor DR1Œæ,0
772,4900,100,Royal Kill,Royal KillŒæ,1
24,12540,100,Rules of Engagement,Rules of EngagementŒæ            ,1
863,2857,70,Hit and Run,"Run, Hide, DieŒæ",0
373,12801,89,Running Free,Running ForeverŒæ,0
53,11787,100,Rush Hour,Rush HourŒæ            ,1
786,10095,89,Trust,RustŒæ,0
26,9082,65,Date with an Angel,"Sabrina, the Teenage WitchŒæ            ",0
389,8879,100,Salvador,SalvadorŒæ,1
878,8512,56,A Sunday in the Country,Sanctuary; Quite a ConundrumŒæ,0
662,13706,60,Execution of Wanda Jean,Sands of Iwo JimaŒæ,0
503,5283,70,Sarkar Raj,Sardaar JiŒæ,0
80,30,100,Sausage Party,Sausage PartyŒæ,1
358,12629,100,Saving Grace,Saving GraceŒæ            ,1
403,12629,100,Saving Grace,Saving GraceŒæ            ,1
736,12434,67,Man of the Century,Scott Walker: 30 Century ManŒæ,0
167,7532,69,The Dreamers,Scream: The TV SeriesŒæ            ,0
123,4146,91,The Secret in Their Eyes,Secret in Their EyesŒæ,1
387,11274,86,Secrets & Lies,Secrets and LiesŒæ            ,0
28,5069,100,Sex and the City,Sex and the CityŒæ            ,1
618,5955,67,Chalk,ShalakoŒæ,0
575,7585,71,Lakshya,Shark LakeŒæ,0
440,6939,67,Sahara,SharknadoŒæ,0
534,4821,67,Shrink,SharkskinŒæ,0
130,9978,100,Shattered,ShatteredŒæ,1
97,833,83,Shaun the Sheep Movie,Shaun the SheepŒæ            ,0
803,370,63,Miss Sharon Jones,She Done Him WrongŒæ,0
595,1748,60,The One I Wrote For You,She Wore a Yellow RibbonŒæ,0
101,8479,100,Sheena,SheenaŒæ,1
182,7774,58,Incident at Loch Ness,Shinjuku IncidentŒæ,0
269,9965,100,Shipwrecked,ShipwreckedŒæ,1
805,9788,67,The Long Walk Home,Shooting the WarwicksŒæ,0
372,3191,62,You've Been Trumped,Should've Been RomeoŒæ,0
521,6978,70,Beauty Shop,Show BoatŒæ,0
761,12386,74,Show Me Love,Show MeŒæ,0
881,9239,60,Stand and Deliver,Signed Sealed DeliveredŒæ,0
392,7826,80,A Silent Love,Silent MovieŒæ,0
657,3264,77,Silent Night,Silent RunningŒæ,0
175,10870,74,Silent Tongue,Silent TriggerŒæ,0
271,7640,100,Silmido,SilmidoŒæ,1
508,8612,69,Silver Bullet,Silver MedallistŒæ,0
510,13569,80,Singin' in the Rain (Re-issue),Singin' in the RainŒæ,0
571,13672,69,The Rising Place,Slacker UprisingŒæ,0
360,793,70,Spotlight,Sleep TightŒæ,0
538,11195,93,Sleepers,SleeperŒæ,1
20,12137,100,Sleepy Hollow,Sleepy HollowŒæ            ,1
566,11319,71,Joe's Apartment,Small ApartmentsŒæ,0
307,6648,75,Queens,Snow QueenŒæ,0
680,3942,65,How I Ended This Summer,Snow White: A Deadly SummerŒæ,0
92,4226,64,The Art of the Steal,Snow White: A Tale of TerrorŒæ,0
40,13355,100,Solaris,SolarisŒæ,1
807,7310,100,Solitude,SolitudeŒæ,1
348,10454,69,Heart and Souls,Solomon and ShebaŒæ,0
778,5825,62,I Know Who Killed Me,Some Guy Who Kills PeopleŒæ,0
490,8803,87,Something Wild,Something WickedŒæ,0
339,7914,100,Somewhere in Time,Somewhere in TimeŒæ,1
411,6567,72,The Second Chance,Sonny with a ChanceŒæ            ,0
113,6137,67,Forever,SorcererŒæ,0
207,2778,61,Battleship,Space Battleship YamatoŒæ,0
105,3265,87,Space Dogs 3D,Space DogsŒæ,0
625,1033,84,Above and Beyond,Space: Above and BeyondŒæ            ,0
201,329,67,Spirit of the Game,Spartacus: War of the DamnedŒæ            ,0
666,13205,100,Speedway Junky,Speedway JunkyŒæ,1
601,3210,84,Hellbound?,SpellboundŒæ,0
213,198,62,Train to Busan,St. Trinian'sŒæ,0
192,7367,87,Van Helsing,Stan HelsingŒæ,0
0,732,82,Star Wars: The Force Awakens,Star Wars: Episode VII - The Force AwakensŒæ            ,0
267,5139,100,Star Wars: The Clone Wars,Star Wars: The Clone WarsŒæ            ,1
30,10645,76,Stargate,Stargate SG-1Œæ            ,0
309,4226,71,The Art of the Steal,Stargate: The Ark of TruthŒæ,0
718,4897,78,Trucker,StarsuckersŒæ,0
388,9424,80,State Park,State FairŒæ,0
683,5677,74,The Simpsons Movie,Steppin: The MovieŒæ,0
558,9762,74,The Witches,StitchesŒæ,0
874,5805,72,The Lives of Others,Stories of Our LivesŒæ,0
569,7763,74,Straight-Jacket,Straight A'sŒæ,0
236,1266,100,Strangerland,StrangerlandŒæ,1
546,6508,100,Strangers with Candy,Strangers with CandyŒæ            ,1
516,11605,73,Sprung,StungŒæ,0
743,6696,87,Unconscious,SubconsciousŒæ,0
586,2030,67,Souldier,SublimeŒæ,0
548,8706,100,Subway,SubwayŒæ,1
785,5091,67,High School Musical 3: Senior Year,Sunday School MusicalŒæ,0
806,13545,67,Hybrid,Super HybridŒæ,0
848,2665,100,Supporting Characters,Supporting CharactersŒæ,1
514,13900,100,Sur le Seuil,Sur le seuilŒæ,1
135,2066,76,Lone Survivor,SurvivorŒæ,0
124,9301,71,Sweet Hearts Dance,Sweet CharityŒæ,0
287,5393,86,Shelter,SwelterŒæ,0
660,11371,71,Taxi Driver (re-issue),Taxi DriverŒæ,0
442,8405,77,Starman,TaxmanŒæ,0
781,6256,80,Blood and Tears,Teeth and BloodŒæ,0
628,10999,50,The Englishman Who Went Up a Hill But Came Down a Mountain,The 41-Year-Old Virgin Who Knocked Up Sarah Marshall and Felt Superbad About ItŒæ,0
8,4045,100,The A-Team,The A-TeamŒæ            ,1
638,4085,83,The American,The AlgerianŒæ,0
314,7443,70,The Prince and Me,The Andromeda StrainŒæ,0
465,9584,81,Apartment Zero,The ApartmentŒæ,0
376,7920,100,The Awakening,The AwakeningŒæ,1
115,12199,100,The Bachelor,The BachelorŒæ            ,1
55,6986,88,Bad News Bears,The Bad News BearsŒæ,0
433,800,70,The Age of Adaline,The Ballad of Cable HogueŒæ,0
623,8361,100,The Ballad of Gregorio Cortez,The Ballad of Gregorio CortezŒæ,1
347,8135,100,The Beastmaster,The BeastmasterŒæ,1
441,5499,83,The Betrayal,The BetrayedŒæ,0
796,9637,76,The Big Picture,The Big ParadeŒæ,0
769,8994,75,The Big Easy,The Big SwapŒæ,0
833,116,100,The Birth of a Nation,The Birth of a NationŒæ,1
118,555,86,The Black Dove,The Black HoleŒæ,0
502,8270,82,The Black Stallion Returns,The Black StallionŒæ,0
827,4704,78,The Brothers Bloom,The Blood of My BrotherŒæ,0
640,9309,88,The Big Blue,The Blue BirdŒæ,0
221,7547,100,The Blue Butterfly,The Blue ButterflyŒæ,1
384,7860,100,The Blue Lagoon,The Blue LagoonŒæ,1
258,284,81,The Boy and the Beast,The Bold and the BeautifulŒæ            ,0
304,12847,100,The Boondock Saints,The Boondock SaintsŒæ,1
193,8166,100,The Border,The BorderŒæ            ,1
202,9957,69,For the Boys,The Boys from BrazilŒæ,0
826,2636,72,The Brass Teapot,The Brain That SingsŒæ,0
846,2811,65,The Cabin in the Woods,The Brain That Wouldn't DieŒæ,0
523,4784,71,The Little Traitor,The Brave Little ToasterŒæ,0
734,632,71,The Ruins of Lifta,The CaliforniansŒæ,0
855,10646,63,Legends of the Fall,The Call of CthulhuŒæ,0
522,14185,100,The Calling,The CallingŒæ,1
818,14185,100,The Calling,The CallingŒæ,1
808,6781,100,The Case of the Grinning Cat,The Case of the Grinning CatŒæ,1
644,6569,73,The Heart of the Game,The Charge of the Light BrigadeŒæ,0
788,2219,77,The Christmas Candle,The Christmas BunnyŒæ,0
279,4236,100,The City of Your Final Destination,The City of Your Final DestinationŒæ,1
75,6681,79,Color of the Cross,The Color of FreedomŒæ,0
173,13896,100,The Company,The CompanyŒæ            ,1
710,7660,79,The Agronomist,The ConformistŒæ,0
597,1057,80,The Connection,The ConversationŒæ,0
361,13533,75,The Cockettes,The CottageŒæ,0
210,3106,74,The Eye of the Storm,The Cry of the OwlŒæ,0
574,6471,81,Curse of the Golden Flower,The Curse of Downers GroveŒæ,0
759,7351,100,The Dark Hours,The Dark HoursŒæ,1
652,8249,79,The Dead Zone,The Dead UndeadŒæ,0
228,8249,100,The Dead Zone,The Dead ZoneŒæ,1
171,8249,100,The Dead Zone,The Dead ZoneŒæ            ,1
285,3737,75,City of Life and Death,The Death and Life of Bobby ZŒæ,0
170,7894,80,The Hunter,The Deer HunterŒæ,0
482,6311,92,The Departed,The DeportedŒæ,1
245,9491,72,She-Devil,The Devil's TombŒæ,0
850,1700,82,The Pirates,The DirtiesŒæ,0
619,10251,82,The Lover,The Dog LoverŒæ,0
127,10747,67,The Chase,The Doombolt ChaseŒæ            ,0
506,8312,90,The Dresser,The DressŒæ,0
345,10407,76,The Piano,The EgyptianŒæ,0
342,7876,100,The Elephant Man,The Elephant ManŒæ,1
764,8333,100,The Evil Dead,The Evil DeadŒæ,1
95,800,74,The Age of Adaline,The Face of an AngelŒæ,0
141,10435,68,The Remains of the Day,The Fall of the Roman EmpireŒæ,0
69,9375,100,The Family,The FamilyŒæ            ,1
882,12425,82,Following,The FollowingŒæ            ,0
313,7976,100,The Four Seasons,The Four SeasonsŒæ,1
116,1057,80,The Connection,The French ConnectionŒæ,0
524,1057,80,The Connection,The French ConnectionŒæ,0
401,3292,79,The Front Line,The Front PageŒæ,0
136,4965,73,The Open Road,The Frozen GroundŒæ,0
792,265,80,The Bronze,The FrozenŒæ,0
415,7016,58,George A. Romero's Land of the Dead,The Geographer Drank His Globe AwayŒæ,0
636,4755,100,The Girlfriend Experience,The Girlfriend ExperienceŒæ            ,1
479,5404,100,The Grand,The GrandŒæ            ,1
404,5751,76,The Great Debaters,The Great EscapeŒæ,0
322,4280,68,The Girl on the Train,The Great Train RobberyŒæ,0
719,9831,82,The Last of the Finest,The Hadza: Last of the FirstŒæ,0
270,4594,73,The Haunting in Connecticut,The Haunting in Connecticut 2: Ghosts of GeorgiaŒæ,0
668,7324,100,The Helix... Loaded,The Helix... LoadedŒæ,1
328,6499,80,The Lost City,The Hit ListŒæ,0
294,1193,82,The Phone,The HoleŒæ,0
88,7039,100,The Honeymooners,The HoneymoonersŒæ            ,1
698,9107,62,Return to Horror High,The Horror Network Vol. 1Œæ,0
542,7894,86,The Hunter,The HustlerŒæ,0
265,12185,87,The Insider,The I InsideŒæ,0
259,1700,85,The Pirates,The Ice PiratesŒæ,0
858,13719,81,The Matrix Revolutions,The Image RevolutionŒæ,0
333,3173,84,The Inbetweeners Movie,The InbetweenersŒæ            ,0
148,4796,100,The Informers,The InformersŒæ,1
237,5014,88,Janky Promoters,The Janky PromotersŒæ,0
723,1939,71,Eternity the Movie,The Kentucky Fried MovieŒæ,0
745,2602,75,In the Name Of,The King of NajayoŒæ,0
572,7144,59,CSA: The Confederate States of America,The Legend of Hell's Gate: An American ConspiracyŒæ,0
633,9162,75,End of the Line,The Lion of JudahŒæ,0
750,222,68,The Little Prince,The Little Ponderosa ZooŒæ,0
230,7896,100,The Long Riders,The Long RidersŒæ,1
225,12348,79,The Last Days,The Longest DayŒæ,0
631,6893,88,The Long Weekend,The Lost WeekendŒæ,0
172,12253,100,The Love Letter,The Love LetterŒæ,1
793,12253,100,The Love Letter,The Love LetterŒæ,1
420,1689,86,The One I Love,The Loved OnesŒæ,0
1,10251,95,The Lover,The LoversŒæ,1
62,10251,95,The Lover,The LoversŒæ,1
90,6454,67,The Fountain,The Magic FluteŒæ,0
728,11278,71,Marvin's Room,The Maid's RoomŒæ,0
810,708,77,From the East,The Man from EarthŒæ,0
343,8119,100,The Man From Snowy River,The Man from Snowy RiverŒæ,1
457,12583,59,The Legend of Bagger Vance,The Man Who Shot Liberty ValanceŒæ,0
576,10027,67,The Man in the Moon,The Marine 4: Moving TargetŒæ,0
160,5741,100,The Messengers,The MessengersŒæ            ,1
405,343,84,The Fits,The MisfitsŒæ,0
23,13806,100,The Missing,The MissingŒæ            ,1
217,7188,71,The Holy Girl,The Molly MaguiresŒæ,0
880,10630,79,The Lion King,The Mongol KingŒæ,0
707,7742,100,The Mudge Boy,The Mudge BoyŒæ,1
853,10848,75,The New Age,The Naked ApeŒæ,0
87,8429,100,The Neverending Story,The NeverEnding StoryŒæ,1
842,9635,87,Night Visitor,The Night VisitorŒæ,0
435,9760,73,Nuns on the Run,The Nun's StoryŒæ,0
143,3113,82,On the Ice,The O.C.Œæ            ,0
354,6575,100,The OH in Ohio,The Oh in OhioŒæ,1
96,115,80,The Comedian,The OmenŒæ,0
498,115,80,The Comedian,The OmenŒæ,0
455,11930,91,The Opposite of Sex,The Opposite SexŒæ,1
739,6754,59,The Piano Tuner of Earthquakes,The Outrageous Sophie TuckerŒæ,0
280,11312,100,The Pallbearer,The PallbearerŒæ,1
675,10626,86,When the Party's Over,The Party's OverŒæ,0
843,1853,100,The Past is a Grotesque Animal,The Past is a Grotesque AnimalŒæ,1
423,9975,82,The Perfect Weapon,The Perfect WaveŒæ,0
687,11631,93,The Pest,The PetŒæ,1
277,10191,100,The Player,The PlayerŒæ            ,1
677,6358,83,The Lake House,The Poker HouseŒæ,0
203,8025,100,The Postman Always Rings Twice,The Postman Always Rings TwiceŒæ,1
99,13373,86,The Powerpuff Girls Movie,The Powerpuff GirlsŒæ            ,0
156,559,80,The Fiance,The PrinceŒæ,0
198,10119,73,Prisoners of the Sun,The Prisoner of ZendaŒæ,0
204,8051,100,The Pursuit of D.B. Cooper,The Pursuit of D.B. CooperŒæ,1
238,10729,93,The Ref,The ReefŒæ,1
316,8602,93,Return of the Living Dead,The Return of the Living DeadŒæ,1
400,8602,93,Return of the Living Dead,The Return of the Living DeadŒæ,1
340,10533,79,Son of the Pink Panther,The Return of the Pink PantherŒæ,0
43,6461,91,The Return,The ReturnedŒæ            ,1
873,6630,90,The Bridge,The RidgesŒæ,0
27,11349,67,Ridicule,The Ridiculous 6Œæ,0
518,10435,79,The Remains of the Day,The Rise of the KraysŒæ,0
286,8023,65,The Legend of the Lone Ranger,The Rocket: The Legend of Rocket RichardŒæ,0
443,5402,95,The Secrets,The SecretŒæ            ,1
137,7865,100,The Shining,The ShiningŒæ,1
857,5355,100,The Signal,The SignalŒæ,1
715,1343,100,The Sisterhood of Night,The Sisterhood of NightŒæ,1
658,1980,85,Sleepwalker,The SleepwalkerŒæ,0
748,7981,80,The Fox and the Hound,The Sound and the ShadowŒæ,0
577,4244,100,The Square,The SquareŒæ,1
800,7307,71,The Aggressives,The StewardessesŒæ,0
624,11026,69,The Secret of Roan Inish,The Streets of San FranciscoŒæ            ,0
536,1084,84,The Tribe,The TimberŒæ,0
38,4058,85,Tooth Fairy,The Tooth FairyŒæ,0
568,826,62,In the Heart of the Sea,The Torture Chamber of Dr. SadismŒæ,0
128,97,78,The Witch,The TouchŒæ,0
751,9604,81,The Toxic Avenger Part II,The Toxic AvengerŒæ,0
332,973,90,The D Train,The TrainŒæ,0
639,2820,82,Trouble with the Curve,The Trouble with HarryŒæ,0
104,524,65,Troublemakers: The Story of Land Art,The True Story of Puss'N BootsŒæ,0
527,5833,79,In the Valley of Elah,The Valley of DecisionŒæ,0
653,922,74,The Vatican Tapes,The Vatican ExorcismsŒæ,0
419,6071,78,The Violin,The VeilŒæ,0
410,12494,100,The Velocity of Gary,The Velocity of GaryŒæ,1
573,11028,89,The Walking Dead,The Walking DeceasedŒæ,0
295,339,100,The Wave,The WaveŒæ,1
282,8365,100,The Wicked Lady,The Wicked LadyŒæ,1
648,9602,65,The Terror Within,The Wicked WithinŒæ,0
321,11101,76,The Wild Bunch (re-issue),The Wild BunchŒæ,0
834,14203,100,The Work and the Story,The Work and the StoryŒæ,1
817,7040,80,The New World,The World Is MineŒæ,0
813,12577,70,Where the Heart Is,Theresa Is a MotherŒæ,0
484,11705,69,Happy Together,They Came TogetherŒæ,0
724,660,100,They Will Have to Kill Us First,They Will Have to Kill Us FirstŒæ,1
859,2577,100,This is Martin Bonner,This Is Martin BonnerŒæ,1
552,14114,100,This Thing of Ours,This Thing of OursŒæ,1
129,863,64,Dragon Ball Z: Resurrection 'F',Three Kingdoms: Resurrection of the DragonŒæ,0
168,339,67,The Wave,Tidal WaveŒæ,0
847,2994,78,The Oranges,Tiger OrangeŒæ,0
509,5254,70,The Fall,Timber FallsŒæ,0
876,4684,70,A Single Man,Tin Can ManŒæ,0
560,3577,57,Bucky Larson: Born to Be a Star,"To Be Frank, Sinatra at 100Œæ",0
540,1827,73,The King and the Mockingbird,To Kill a MockingbirdŒæ,0
659,10487,82,Mr. Jones,Tom JonesŒæ,0
17,7804,61,Incantato,Top Cat BeginsŒæ,0
406,4896,75,OPA!,TopazŒæ,0
466,236,72,Certain Women,Torn CurtainŒæ,0
185,779,65,The Wedding Ringer,Towering InfernoŒæ            ,0
315,4897,86,Trucker,TrackerŒæ,0
439,13487,89,Rain,TrainŒæ,0
402,1951,73,Raze,TrapezeŒæ,0
71,13388,100,Trapped,TrappedŒæ            ,1
721,8408,82,Teachers,TreacheryŒæ,0
383,5760,72,The Reaping,Treading WaterŒæ,0
208,4011,80,Tangled,TriangleŒæ,0
686,10964,73,To Die For,Truth or DieŒæ,0
35,7446,100,Twisted,TwistedŒæ            ,1
306,7762,80,Twist,TwixtŒæ,0
311,13647,68,Love and a Bullet,Two Lovers and a BearŒæ,0
356,6649,77,Typhoon,TycoonŒæ,0
264,8822,51,Transformers: The Movie,"Ultramarines: A Warhammer 40,000 MovieŒæ",0
114,2491,100,Underdogs,UnderdogsŒæ,1
791,7330,71,Unveiled,UnDividedŒæ,0
832,12820,62,Set Me Free,Une Femme Marií©eŒæ,0
146,11337,100,Unforgettable,UnforgettableŒæ            ,1
33,10145,76,Unforgiven,UnforgottenŒæ            ,0
76,1432,100,United Passions,United PassionsŒæ,1
500,8389,70,The Natural,UnnaturalŒæ,0
603,281,100,Unsullied,UnsulliedŒæ,1
582,13113,73,Tuvalu,VaaluŒæ,0
273,5833,65,In the Valley of Elah,Valley of the Wolves: IraqŒæ,0
555,9607,76,Vampire's Kiss,Vampire KillersŒæ,0
319,1597,100,Veronica Mars,Veronica MarsŒæ            ,1
263,11768,57,Trojan Eddie,Veronika Decides to DieŒæ,0
708,350,67,Eva Hesse,VesselŒæ,0
330,8338,100,Videodrome,VideodromeŒæ,1
51,8912,71,TerrorVision,Virgin TerritoryŒæ,0
94,14007,67,Levity,ViyŒæ,0
609,12678,61,The Color of Paradise,Wal-Mart: The High Cost of Low PriceŒæ,0
722,6487,91,Water,WalterŒæ,1
318,6026,78,War/Dance,War & PeaceŒæ            ,0
107,6487,77,Water,WaterlooŒæ,0
368,5041,76,Give Me Your Hand,We Have Your HusbandŒæ,0
163,4300,81,Welcome to the Rileys,Welcome to the SticksŒæ,0
799,3215,61,The Revisionaries,Western ReligionŒæ,0
820,12065,68,The Theory of Flight,When the Lights Went OutŒæ,0
239,2727,70,Into the White,White Noise 2: The LightŒæ,0
447,9659,76,Blood Red,Wicked BloodŒæ,0
73,11090,74,Wild Reeds,Wild CardŒæ,0
473,280,77,Willy Wonka and the Chocolate Factory (2016 re-release),Willy Wonka & the Chocolate FactoryŒæ,0
617,895,73,Wild Tales,Wind WalkersŒæ,0
703,1399,100,Windsor Drive,Windsor DriveŒæ,1
563,9175,80,Twins,WingsŒæ            ,0
176,2412,100,Winnie Mandela,Winnie MandelaŒæ,1
380,13512,80,Me Without You,Without MenŒæ,0
650,7033,100,Wolf Creek,Wolf CreekŒæ            ,1
155,1899,100,Wolves,WolvesŒæ,1
196,8604,60,Tomboy,WombŒæ,0
284,3097,87,Wuthering Heights (2012),Wuthering HeightsŒæ            ,0
25,6563,53,A Guide to Recognizing Your Saints,Xi you ji zhi: Sun Wukong san da Baigu JingŒæ,0
812,12371,73,Twice Upon a Yesterday,Yesterday Was a LieŒæ,0
374,9464,67,Road House,Yoga HosersŒæ,0
593,5087,65,You Don't Mess with the Zohan,You Can't Take It with YouŒæ,0
240,2839,67,The Secret World of Arrietty,You Got Served: Beat the WorldŒæ,0
42,6954,100,"Yours, Mine and Ours","Yours, Mine and OursŒæ",1
120,2825,65,"Monsters, Inc. (3D)",Yu-Gi-Oh! Duel MonstersŒæ            ,0
305,4980,83,Storm,Z StormŒæ,0
131,4665,71,Amelia,ZambeziaŒæ,0
408,11251,77,Flipper,ZipperŒæ,0
679,7789,64,Weapons of Mass Deception,ZMD: Zombies of Mass DestructionŒæ,0
690,7894,70,The Hunter,Zombie HunterŒæ,0
165,1532,60,Oculus,ZuluŒæ,0
,,,,,
,,,,,
,,,,,260